"","SalesDate","SKU","sum_value","sum_units","average_price"
"1","01/01/2017","SKU_J",70957.52,5478.73,4.12
"2","01/01/2017","SKU_A",54256.85,7978.37,2.16
"3","01/01/2017","SKU_B",108262.48,6218.2,5.54
"4","01/01/2017","SKU_K",71781.54,11146.23,2.05
"5","01/01/2017","SKU_C",51323.99,6686.17,2.44
"6","01/01/2017","SKU_D",52873.16,4189.18,4.02
"7","01/01/2017","SKU_F",204183.64,12666.83,5.13
"8","01/01/2017","SKU_G",352324.23,29829.6,3.76
"9","01/01/2017","SKU_H",104749.92,4731.76,7.05
"10","01/01/2017","SKU_I",76600.69,4368.07,5.58
"11","01/04/2018","SKU_J",91125.86,7683.63,3.78
"12","01/04/2018","SKU_A",64736.3,10162.11,2.03
"13","01/04/2018","SKU_B",139395.38,8749.17,5.07
"14","01/04/2018","SKU_K",130606.53,19995.66,2.08
"15","01/04/2018","SKU_C",55259.32,6969.61,2.52
"16","01/04/2018","SKU_D",62756.22,4776.85,4.18
"17","01/04/2018","SKU_F",198380.49,11955.04,5.28
"18","01/04/2018","SKU_G",119566.66,5632.21,6.76
"19","01/04/2018","SKU_H",122471.76,5200,7.5
"20","01/04/2018","SKU_I",77425.72,4193.06,5.88
"21","01/07/2018","SKU_J",98308.61,8294.24,3.77
"22","01/07/2018","SKU_A",68771.09,10423.47,2.1
"23","01/07/2018","SKU_B",143772.55,8943.1,5.12
"24","01/07/2018","SKU_K",132896.65,17272.2,2.45
"25","01/07/2018","SKU_C",60176.7,7599.64,2.52
"26","01/07/2018","SKU_D",64669.72,4947.23,4.16
"27","01/07/2018","SKU_F",195355.33,10621.49,5.85
"28","01/07/2018","SKU_G",108633.21,5109.05,6.77
"29","01/07/2018","SKU_H",149996.96,6604.59,7.23
"30","01/07/2018","SKU_I",84352.81,4564.99,5.88
"31","01/09/2019","SKU_J",34371.67,2591.89,4.22
"32","01/09/2019","SKU_A",33415,4822.03,2.21
"33","01/09/2019","SKU_B",47417.07,2535.14,5.95
"34","01/09/2019","SKU_K",102330.47,14082.42,2.31
"35","01/09/2019","SKU_C",141671.34,18646.81,2.42
"36","01/09/2019","SKU_D",130157.36,9809.78,4.22
"37","01/09/2019","SKU_F",257012.37,14218.43,5.75
"38","01/09/2019","SKU_G",89023.41,4280.8,6.62
"39","01/09/2019","SKU_H",195458.59,8388.21,7.42
"40","01/09/2019","SKU_I",95983.46,4969.22,6.15
"41","01/10/2017","SKU_J",75410.47,6783.22,3.54
"42","01/10/2017","SKU_A",61483.72,9583.08,2.04
"43","01/10/2017","SKU_B",152779.53,9574,5.08
"44","01/10/2017","SKU_K",127532.49,21141.87,1.92
"45","01/10/2017","SKU_C",59441.54,7793.33,2.43
"46","01/10/2017","SKU_D",66428.52,5200.46,4.07
"47","01/10/2017","SKU_F",195332.08,11430.12,5.44
"48","01/10/2017","SKU_G",382482.1,31295.86,3.89
"49","01/10/2017","SKU_H",152477.1,6983.36,6.95
"50","01/10/2017","SKU_I",90793.86,4983.25,5.8
"51","02/04/2017","SKU_J",75293.96,5747.13,4.17
"52","02/04/2017","SKU_A",57237.3,8386.97,2.17
"53","02/04/2017","SKU_B",121907.4,7214.51,5.38
"54","02/04/2017","SKU_K",83904.21,13376.37,2
"55","02/04/2017","SKU_C",48879.17,6383.54,2.44
"56","02/04/2017","SKU_D",58553.31,4936.42,3.78
"57","02/04/2017","SKU_F",190147.09,11783.5,5.14
"58","02/04/2017","SKU_G",350912.87,29564.78,3.78
"59","02/04/2017","SKU_H",119422.2,5655.96,6.72
"60","02/04/2017","SKU_I",74331.24,4239.88,5.58
"61","02/06/2019","SKU_J",3460.46,246.75,4.46
"62","02/06/2019","SKU_A",27780.47,4059.75,2.18
"63","02/06/2019","SKU_B",6233.3,289.38,6.86
"64","02/06/2019","SKU_K",111463.13,15503.01,2.29
"65","02/06/2019","SKU_C",147009.93,19347.69,2.42
"66","02/06/2019","SKU_D",147760.97,11211.62,4.2
"67","02/06/2019","SKU_F",274026.81,15557.96,5.61
"68","02/06/2019","SKU_G",103323.15,4940.94,6.66
"69","02/06/2019","SKU_H",207880.14,9034.24,7.32
"70","02/06/2019","SKU_I",103809.31,5514.23,5.99
"71","02/07/2017","SKU_J",89431.26,8633.38,3.3
"72","02/07/2017","SKU_A",60276.17,9592.19,2
"73","02/07/2017","SKU_B",117617.71,7353.8,5.09
"74","02/07/2017","SKU_K",75291.54,11825.82,2.03
"75","02/07/2017","SKU_C",52453.15,6893.95,2.42
"76","02/07/2017","SKU_D",60063.59,4690.47,4.08
"77","02/07/2017","SKU_F",185481.99,11452.26,5.16
"78","02/07/2017","SKU_G",365504.72,30442.49,3.82
"79","02/07/2017","SKU_H",169825.01,8047.49,6.72
"80","02/07/2017","SKU_I",96827.23,5445.97,5.66
"81","02/09/2018","SKU_J",107513.86,8041.55,4.26
"82","02/09/2018","SKU_A",63789.69,9182.75,2.21
"83","02/09/2018","SKU_B",150102.28,8323.54,5.74
"84","02/09/2018","SKU_K",132477.63,19743.35,2.14
"85","02/09/2018","SKU_C",69066.77,8743.29,2.51
"86","02/09/2018","SKU_D",74338.96,5647.64,4.19
"87","02/09/2018","SKU_F",223363.02,13114.03,5.42
"88","02/09/2018","SKU_G",117879.35,5573.71,6.73
"89","02/09/2018","SKU_H",160814.3,7059.51,7.25
"90","02/09/2018","SKU_I",84793.17,4529.64,5.96
"91","02/10/2016","SKU_J",81968.13,6503.62,4.01
"92","02/10/2016","SKU_A",63199.9,9329.9,2.16
"93","02/10/2016","SKU_B",119065.47,7104.73,5.33
"94","02/10/2016","SKU_K",83354.47,12731.18,2.08
"95","02/10/2016","SKU_C",56870.09,7436.82,2.43
"96","02/10/2016","SKU_D",57181.17,4525.64,4.02
"97","02/10/2016","SKU_F",195926.75,10781.69,5.78
"98","02/10/2016","SKU_G",371627.72,31590.56,3.74
"99","02/10/2016","SKU_H",148091.72,6706.75,7.03
"100","02/10/2016","SKU_I",95555.87,5450.15,5.58
"101","02/12/2018","SKU_J",58270.9,4382.88,4.23
"102","02/12/2018","SKU_A",52484.73,7479.71,2.23
"103","02/12/2018","SKU_B",159882.52,8894.4,5.72
"104","02/12/2018","SKU_K",113226.26,16767.74,2.15
"105","02/12/2018","SKU_C",92440.55,12174.84,2.42
"106","02/12/2018","SKU_D",101890.58,7895.79,4.11
"107","02/12/2018","SKU_F",227695.14,13589.08,5.33
"108","02/12/2018","SKU_G",141784.99,6945.38,6.5
"109","02/12/2018","SKU_H",122375.8,5190.82,7.5
"110","02/12/2018","SKU_I",66666.5,3569.64,5.94
"111","03/02/2019","SKU_J",15499.29,1133.15,4.35
"112","03/02/2019","SKU_A",48719.62,6827.71,2.27
"113","03/02/2019","SKU_B",101115.77,5693.87,5.65
"114","03/02/2019","SKU_K",97852.95,14628.65,2.13
"115","03/02/2019","SKU_C",101964.41,15345.93,2.11
"116","03/02/2019","SKU_D",115607.52,10049.64,3.66
"117","03/02/2019","SKU_F",214475.35,12381.18,5.51
"118","03/02/2019","SKU_G",103569.15,4923.95,6.7
"119","03/02/2019","SKU_H",96344.49,4194.97,7.31
"120","03/02/2019","SKU_I",52522.09,2796.23,5.98
"121","03/03/2019","SKU_J",13986.12,1026.58,4.34
"122","03/03/2019","SKU_A",55394.26,7727.35,2.28
"123","03/03/2019","SKU_B",44013.29,2280.54,6.14
"124","03/03/2019","SKU_K",113843.28,16500.58,2.2
"125","03/03/2019","SKU_C",118071.62,15580.03,2.41
"126","03/03/2019","SKU_D",132345.37,10119.47,4.16
"127","03/03/2019","SKU_F",261051.84,15207.03,5.46
"128","03/03/2019","SKU_G",112306.59,5348.32,6.68
"129","03/03/2019","SKU_H",136378.67,6019.65,7.21
"130","03/03/2019","SKU_I",69214.37,3672.67,6
"131","03/06/2018","SKU_J",88673.95,6656.66,4.24
"132","03/06/2018","SKU_A",65410.59,9258.52,2.25
"133","03/06/2018","SKU_B",129093.76,7146.29,5.75
"134","03/06/2018","SKU_K",142667.83,18777.68,2.42
"135","03/06/2018","SKU_C",55924.43,7107.32,2.5
"136","03/06/2018","SKU_D",65972.2,5017.46,4.19
"137","03/06/2018","SKU_F",201120.18,10944.38,5.85
"138","03/06/2018","SKU_G",108537.69,5112.02,6.76
"139","03/06/2018","SKU_H",143645.32,6274.75,7.29
"140","03/06/2018","SKU_I",74868,4041.76,5.9
"141","03/09/2017","SKU_J",97414.9,8219.15,3.77
"142","03/09/2017","SKU_A",69476.84,11437.55,1.93
"143","03/09/2017","SKU_B",141552.37,8415.94,5.35
"144","03/09/2017","SKU_K",82095.02,10801.77,2.42
"145","03/09/2017","SKU_C",60498.79,8313.3,2.32
"146","03/09/2017","SKU_D",69745.26,5538.55,4.01
"147","03/09/2017","SKU_F",205248.77,12233.92,5.34
"148","03/09/2017","SKU_G",375932.95,30878.75,3.88
"149","03/09/2017","SKU_H",227254.2,10453.68,6.92
"150","03/09/2017","SKU_I",115689.14,6534.48,5.64
"151","03/12/2017","SKU_J",74398.89,5632.87,4.2
"152","03/12/2017","SKU_A",57999.61,8309.15,2.22
"153","03/12/2017","SKU_B",153336.49,9225.09,5.29
"154","03/12/2017","SKU_K",91515,14041.49,2.07
"155","03/12/2017","SKU_C",49793.96,6498.98,2.44
"156","03/12/2017","SKU_D",63078.29,4967.71,4.04
"157","03/12/2017","SKU_F",194491.41,10781.27,5.74
"158","03/12/2017","SKU_G",418576.57,33923.74,3.93
"159","03/12/2017","SKU_H",110882.06,5038.02,7.01
"160","03/12/2017","SKU_I",61320.57,3349.75,5.83
"161","04/02/2018","SKU_J",97120.19,8211.39,3.76
"162","04/02/2018","SKU_A",61305.69,10120.02,1.93
"163","04/02/2018","SKU_B",217429.65,13105.83,5.28
"164","04/02/2018","SKU_K",164483.31,26584.39,1.97
"165","04/02/2018","SKU_C",56262.18,7704.61,2.32
"166","04/02/2018","SKU_D",72736.39,5736.48,4.04
"167","04/02/2018","SKU_F",269126.56,15404.4,5.56
"168","04/02/2018","SKU_G",512179.79,38199.69,4.27
"169","04/02/2018","SKU_H",91910.56,4069.19,7.19
"170","04/02/2018","SKU_I",51257.49,2808.33,5.81
"171","04/03/2018","SKU_J",80818.61,6098.36,4.22
"172","04/03/2018","SKU_A",63540.42,9689,2.09
"173","04/03/2018","SKU_B",143878.73,9090.48,5.04
"174","04/03/2018","SKU_K",129712.07,18879.87,2.19
"175","04/03/2018","SKU_C",51542.03,6566.31,2.5
"176","04/03/2018","SKU_D",58611.36,4569.75,4.08
"177","04/03/2018","SKU_F",185123.85,10131.98,5.82
"178","04/03/2018","SKU_G",116639.81,5594.06,6.64
"179","04/03/2018","SKU_H",112570.27,4773.22,7.51
"180","04/03/2018","SKU_I",65601.74,3561.78,5.86
"181","04/06/2017","SKU_J",71768.87,5558.36,4.11
"182","04/06/2017","SKU_A",59846.2,9318.67,2.04
"183","04/06/2017","SKU_B",132995.41,8401.51,5.04
"184","04/06/2017","SKU_K",77506.7,11925.01,2.07
"185","04/06/2017","SKU_C",49592.62,6461.04,2.44
"186","04/06/2017","SKU_D",53600.99,4196.47,4.07
"187","04/06/2017","SKU_F",183420.68,10611.59,5.5
"188","04/06/2017","SKU_G",346810.89,28879.1,3.82
"189","04/06/2017","SKU_H",135992.14,6189.06,6.99
"190","04/06/2017","SKU_I",74293.62,4260.68,5.55
"191","04/08/2019","SKU_J",3461.41,270.63,4.07
"192","04/08/2019","SKU_A",22697.64,3389.25,2.13
"193","04/08/2019","SKU_B",6099.23,298.77,6.5
"194","04/08/2019","SKU_K",117491.64,16942.47,2.21
"195","04/08/2019","SKU_C",151802.69,19793.74,2.44
"196","04/08/2019","SKU_D",158100.9,13020.05,3.87
"197","04/08/2019","SKU_F",272377.31,14723.64,5.89
"198","04/08/2019","SKU_G",104776.05,4925,6.77
"199","04/08/2019","SKU_H",199240.35,8586.17,7.39
"200","04/08/2019","SKU_I",99360.9,5191.89,6.09
"201","04/11/2018","SKU_J",95721.38,7177.58,4.25
"202","04/11/2018","SKU_A",54446.75,7761.76,2.23
"203","04/11/2018","SKU_B",146825.73,8076.3,5.79
"204","04/11/2018","SKU_K",129469.53,16644.26,2.48
"205","04/11/2018","SKU_C",91975.46,12184.5,2.4
"206","04/11/2018","SKU_D",89157.1,6973.91,4.07
"207","04/11/2018","SKU_F",223761.3,13208.65,5.39
"208","04/11/2018","SKU_G",132014.3,6300.54,6.67
"209","04/11/2018","SKU_H",129337.53,5664.16,7.27
"210","04/11/2018","SKU_I",72159.8,3845.15,5.97
"211","04/12/2016","SKU_J",71060.61,5484.03,4.12
"212","04/12/2016","SKU_A",58729.42,8685.25,2.15
"213","04/12/2016","SKU_B",128082.38,7725.72,5.28
"214","04/12/2016","SKU_K",115233.95,19139.95,1.92
"215","04/12/2016","SKU_C",52102.81,6834.72,2.43
"216","04/12/2016","SKU_D",56776.66,4509.82,4.01
"217","04/12/2016","SKU_F",190263.52,10481.05,5.78
"218","04/12/2016","SKU_G",353362.88,30023.64,3.75
"219","04/12/2016","SKU_H",123688.77,5577.15,7.06
"220","04/12/2016","SKU_I",71768.61,4149.76,5.51
"221","05/02/2017","SKU_J",74606.72,6307.9,3.76
"222","05/02/2017","SKU_A",50954.97,7975.78,2.03
"223","05/02/2017","SKU_B",146499.86,8986.14,5.19
"224","05/02/2017","SKU_K",87126.27,11847.79,2.34
"225","05/02/2017","SKU_C",46994.42,6139.34,2.44
"226","05/02/2017","SKU_D",53424.01,4226.02,4.02
"227","05/02/2017","SKU_F",184859.26,10195.74,5.77
"228","05/02/2017","SKU_G",358664.91,30488.75,3.74
"229","05/02/2017","SKU_H",90902.7,4261.13,6.79
"230","05/02/2017","SKU_I",53433.26,3057.93,5.56
"231","05/03/2017","SKU_J",81053.93,6870.01,3.76
"232","05/03/2017","SKU_A",54888.74,8231.14,2.12
"233","05/03/2017","SKU_B",131680.12,8435.83,4.97
"234","05/03/2017","SKU_K",86069.39,11650.11,2.35
"235","05/03/2017","SKU_C",47004.03,6080.81,2.46
"236","05/03/2017","SKU_D",60213.33,5236.16,3.66
"237","05/03/2017","SKU_F",183263.48,10174.37,5.73
"238","05/03/2017","SKU_G",342746.64,28764.56,3.79
"239","05/03/2017","SKU_H",121689.66,5596.96,6.92
"240","05/03/2017","SKU_I",62702.73,3607.73,5.53
"241","05/05/2019","SKU_J",6542.86,468.41,4.45
"242","05/05/2019","SKU_A",33532.57,4866.89,2.19
"243","05/05/2019","SKU_B",11191.85,530.06,6.72
"244","05/05/2019","SKU_K",118285.17,16876.24,2.23
"245","05/05/2019","SKU_C",144035.93,18967.46,2.42
"246","05/05/2019","SKU_D",150543.07,11477.65,4.18
"247","05/05/2019","SKU_F",267176.55,14517.66,5.86
"248","05/05/2019","SKU_G",110895.27,5295.02,6.67
"249","05/05/2019","SKU_H",123514.65,5366.77,7.33
"250","05/05/2019","SKU_I",63351.83,3360.01,6
"251","05/08/2018","SKU_J",100393.22,7641.79,4.18
"252","05/08/2018","SKU_A",67808.77,9611.36,2.25
"253","05/08/2018","SKU_B",162676.24,9294.19,5.57
"254","05/08/2018","SKU_K",135642.49,17834.97,2.42
"255","05/08/2018","SKU_C",61360.88,7778.6,2.51
"256","05/08/2018","SKU_D",70288.54,5357.05,4.18
"257","05/08/2018","SKU_F",218279.45,11848.6,5.86
"258","05/08/2018","SKU_G",110986.61,5188.2,6.81
"259","05/08/2018","SKU_H",141126.86,6138.65,7.32
"260","05/08/2018","SKU_I",77365.27,4139,5.95
"261","05/11/2017","SKU_J",102759.55,8832.88,3.7
"262","05/11/2017","SKU_A",59298.15,8459.72,2.23
"263","05/11/2017","SKU_B",141618.31,8396.89,5.37
"264","05/11/2017","SKU_K",97662.1,15380.73,2.02
"265","05/11/2017","SKU_C",54756.08,7162.42,2.43
"266","05/11/2017","SKU_D",70743.2,5572.43,4.04
"267","05/11/2017","SKU_F",195135.36,11504.17,5.4
"268","05/11/2017","SKU_G",356019.33,28632.39,3.96
"269","05/11/2017","SKU_H",133465.29,6182.25,6.87
"270","05/11/2017","SKU_I",63857.1,3508.55,5.79
"271","06/01/2019","SKU_J",24419.76,1780.98,4.36
"272","06/01/2019","SKU_A",51752.85,7150.16,2.3
"273","06/01/2019","SKU_B",131289.06,7178.12,5.82
"274","06/01/2019","SKU_K",109342.94,16595.44,2.1
"275","06/01/2019","SKU_C",95088.38,12380.95,2.44
"276","06/01/2019","SKU_D",104373.9,8067.56,4.12
"277","06/01/2019","SKU_F",230104.67,13364.69,5.48
"278","06/01/2019","SKU_G",93894.52,4443.62,6.73
"279","06/01/2019","SKU_H",108150.97,4601.65,7.48
"280","06/01/2019","SKU_I",81169.84,4300.36,6.01
"281","06/05/2018","SKU_J",111562.67,9763.65,3.64
"282","06/05/2018","SKU_A",62938.06,8949.54,2.24
"283","06/05/2018","SKU_B",129323.41,7158.27,5.75
"284","06/05/2018","SKU_K",144111.75,19956.32,2.3
"285","06/05/2018","SKU_C",56583.09,7165.97,2.51
"286","06/05/2018","SKU_D",64404.69,5274.25,3.89
"287","06/05/2018","SKU_F",208435.96,11827.11,5.61
"288","06/05/2018","SKU_G",115818.44,5406.29,6.82
"289","06/05/2018","SKU_H",117660.6,5005.71,7.48
"290","06/05/2018","SKU_I",61834.43,3334.45,5.9
"291","06/08/2017","SKU_J",85644.82,6588.73,4.14
"292","06/08/2017","SKU_A",60913.53,8955.61,2.17
"293","06/08/2017","SKU_B",125648.57,7482.17,5.35
"294","06/08/2017","SKU_K",72050.94,9286.04,2.47
"295","06/08/2017","SKU_C",55692.69,7331.31,2.42
"296","06/08/2017","SKU_D",64015.06,5018.94,4.06
"297","06/08/2017","SKU_F",182642.8,10171.54,5.72
"298","06/08/2017","SKU_G",337884.03,27794.14,3.87
"299","06/08/2017","SKU_H",205566.32,9330.7,7.01
"300","06/08/2017","SKU_I",111029.8,6219.24,5.68
"301","06/11/2016","SKU_J",73207.37,5620.36,4.15
"302","06/11/2016","SKU_A",61867.48,9436.6,2.09
"303","06/11/2016","SKU_B",107044.3,5975.24,5.7
"304","06/11/2016","SKU_K",88078.37,12073.14,2.32
"305","06/11/2016","SKU_C",54552.28,7233.72,2.4
"306","06/11/2016","SKU_D",57280.27,4539.41,4.02
"307","06/11/2016","SKU_F",199196.95,10985.02,5.77
"308","06/11/2016","SKU_G",355613.24,30263.35,3.74
"309","06/11/2016","SKU_H",134939.81,6100.99,7.04
"310","06/11/2016","SKU_I",70912.69,4179.89,5.4
"311","07/01/2018","SKU_J",81969.72,6266.76,4.16
"312","07/01/2018","SKU_A",60565.77,8679.18,2.22
"313","07/01/2018","SKU_B",144333.02,8192.39,5.61
"314","07/01/2018","SKU_K",91929.34,14161.08,2.07
"315","07/01/2018","SKU_C",53062.04,6909.06,2.44
"316","07/01/2018","SKU_D",61233.29,4772.13,4.08
"317","07/01/2018","SKU_F",230561.45,13725.86,5.35
"318","07/01/2018","SKU_G",580173.63,47227.87,3.91
"319","07/01/2018","SKU_H",95685.57,4100.46,7.43
"320","07/01/2018","SKU_I",73075.47,3972.92,5.85
"321","07/04/2019","SKU_J",9404.34,677.89,4.42
"322","07/04/2019","SKU_A",41964.14,5950.03,2.24
"323","07/04/2019","SKU_B",18130.97,838.18,6.89
"324","07/04/2019","SKU_K",124676.4,18155.11,2.19
"325","07/04/2019","SKU_C",137856.77,19289.56,2.27
"326","07/04/2019","SKU_D",160220.3,13280.71,3.84
"327","07/04/2019","SKU_F",265113.32,15283.24,5.52
"328","07/04/2019","SKU_G",109064.01,5206.28,6.67
"329","07/04/2019","SKU_H",158893.74,6926.45,7.3
"330","07/04/2019","SKU_I",77429.47,4109.57,6
"331","07/05/2017","SKU_J",87751.23,7512,3.72
"332","07/05/2017","SKU_A",59034.84,9294.86,2.02
"333","07/05/2017","SKU_B",109656.9,6142.21,5.68
"334","07/05/2017","SKU_K",84757.41,13207.95,2.04
"335","07/05/2017","SKU_C",50745.21,6539.61,2.47
"336","07/05/2017","SKU_D",55899.62,4312.24,4.13
"337","07/05/2017","SKU_F",192519.34,10650.7,5.75
"338","07/05/2017","SKU_G",351968.41,29396.81,3.81
"339","07/05/2017","SKU_H",109890.1,5004.38,6.99
"340","07/05/2017","SKU_I",58324.46,3306.41,5.61
"341","07/07/2019","SKU_J",2293.58,172.03,4.24
"342","07/07/2019","SKU_A",24238.4,3550.88,2.17
"343","07/07/2019","SKU_B",4531.64,222.87,6.47
"344","07/07/2019","SKU_K",113411.25,15339.42,2.35
"345","07/07/2019","SKU_C",154404.59,21776.71,2.26
"346","07/07/2019","SKU_D",163397.84,13539.48,3.84
"347","07/07/2019","SKU_F",267538.17,14607.27,5.83
"348","07/07/2019","SKU_G",107276.91,5093.91,6.7
"349","07/07/2019","SKU_H",220883.13,9541.58,7.37
"350","07/07/2019","SKU_I",125629,6592.87,6.07
"351","07/10/2018","SKU_J",103613.67,7734,4.26
"352","07/10/2018","SKU_A",57518.06,8189.09,2.24
"353","07/10/2018","SKU_B",134910.67,7399.11,5.8
"354","07/10/2018","SKU_K",139221.44,20614.36,2.15
"355","07/10/2018","SKU_C",73918.79,10269.31,2.29
"356","07/10/2018","SKU_D",76221.39,6160.86,3.94
"357","07/10/2018","SKU_F",208393.06,12351.62,5.37
"358","07/10/2018","SKU_G",121722.82,5712.9,6.78
"359","07/10/2018","SKU_H",113422.89,4949.63,7.29
"360","07/10/2018","SKU_I",84604.15,4523.94,5.95
"361","08/01/2017","SKU_J",69225.98,5319.88,4.14
"362","08/01/2017","SKU_A",51522.64,7545.37,2.17
"363","08/01/2017","SKU_B",116135.94,6833.65,5.41
"364","08/01/2017","SKU_K",71991.86,11385.06,2.01
"365","08/01/2017","SKU_C",46542.08,6013.81,2.46
"366","08/01/2017","SKU_D",57856.89,4824.51,3.82
"367","08/01/2017","SKU_F",188421.37,10901.24,5.5
"368","08/01/2017","SKU_G",339241.12,28658.95,3.77
"369","08/01/2017","SKU_H",98255.22,4532.18,6.9
"370","08/01/2017","SKU_I",65937.6,3732.17,5.62
"371","08/04/2018","SKU_J",88644.99,7452.56,3.79
"372","08/04/2018","SKU_A",64768.93,10241.25,2.01
"373","08/04/2018","SKU_B",155137.53,9917.99,4.98
"374","08/04/2018","SKU_K",147766.91,21997.73,2.14
"375","08/04/2018","SKU_C",55509.55,7072.64,2.5
"376","08/04/2018","SKU_D",63332.79,4870.08,4.14
"377","08/04/2018","SKU_F",193170.12,11232.08,5.47
"378","08/04/2018","SKU_G",108370.13,4990.31,6.91
"379","08/04/2018","SKU_H",113717.05,4840.62,7.48
"380","08/04/2018","SKU_I",71482.2,3885.34,5.86
"381","08/07/2018","SKU_J",92983.57,7754,3.82
"382","08/07/2018","SKU_A",72237.32,10899.04,2.11
"383","08/07/2018","SKU_B",137001.92,8514.9,5.12
"384","08/07/2018","SKU_K",140763.58,18687.45,2.4
"385","08/07/2018","SKU_C",59479.07,7457.98,2.54
"386","08/07/2018","SKU_D",66607.75,5062.64,4.19
"387","08/07/2018","SKU_F",192973.44,10499.47,5.85
"388","08/07/2018","SKU_G",111540.01,5247.66,6.77
"389","08/07/2018","SKU_H",148577.7,6521.75,7.25
"390","08/07/2018","SKU_I",89540.91,4834.32,5.9
"391","08/09/2019","SKU_J",35591.97,2691.12,4.21
"392","08/09/2019","SKU_A",30728.94,4385.12,2.23
"393","08/09/2019","SKU_B",48144.49,2579.15,5.94
"394","08/09/2019","SKU_K",101772.66,12464.48,2.6
"395","08/09/2019","SKU_C",146101.63,19283.6,2.41
"396","08/09/2019","SKU_D",135137.46,10227.36,4.21
"397","08/09/2019","SKU_F",277654.26,16528.17,5.35
"398","08/09/2019","SKU_G",91444.52,4333.3,6.72
"399","08/09/2019","SKU_H",184871.76,7869.03,7.48
"400","08/09/2019","SKU_I",100909.18,5296.97,6.06
"401","08/10/2017","SKU_J",80579.15,7726.43,3.32
"402","08/10/2017","SKU_A",51019.02,8058.04,2.02
"403","08/10/2017","SKU_B",150953.57,9711.87,4.95
"404","08/10/2017","SKU_K",118871.71,19951.82,1.9
"405","08/10/2017","SKU_C",54013.46,7181.57,2.39
"406","08/10/2017","SKU_D",59107.9,4644.09,4.05
"407","08/10/2017","SKU_F",188966.81,11608.29,5.18
"408","08/10/2017","SKU_G",367346.36,30140.16,3.88
"409","08/10/2017","SKU_H",111138.18,5080.64,6.96
"410","08/10/2017","SKU_I",69882.95,3847.12,5.78
"411","09/04/2017","SKU_J",74332.72,5742.62,4.12
"412","09/04/2017","SKU_A",64071.69,9715.06,2.1
"413","09/04/2017","SKU_B",136400.98,8132.16,5.34
"414","09/04/2017","SKU_K",85417.16,13331.94,2.04
"415","09/04/2017","SKU_C",54767.2,7147.74,2.44
"416","09/04/2017","SKU_D",58336.56,4588.19,4.05
"417","09/04/2017","SKU_F",192236.44,11779.68,5.19
"418","09/04/2017","SKU_G",356489.25,29873.48,3.8
"419","09/04/2017","SKU_H",132607.31,6314.02,6.69
"420","09/04/2017","SKU_I",75036.16,4296.4,5.56
"421","09/06/2019","SKU_J",3239.6,234.31,4.4
"422","09/06/2019","SKU_A",27173.49,3912.39,2.21
"423","09/06/2019","SKU_B",6410.39,301.24,6.77
"424","09/06/2019","SKU_K",112027.91,15489.56,2.3
"425","09/06/2019","SKU_C",151102.98,19882.95,2.42
"426","09/06/2019","SKU_D",151857.84,11510.26,4.2
"427","09/06/2019","SKU_F",262358.46,14941.36,5.59
"428","09/06/2019","SKU_G",101975.52,4769.5,6.81
"429","09/06/2019","SKU_H",213395.01,9179.75,7.4
"430","09/06/2019","SKU_I",102287.45,5423.51,6
"431","09/07/2017","SKU_J",92882.31,8597.89,3.44
"432","09/07/2017","SKU_A",62048.12,9630.86,2.05
"433","09/07/2017","SKU_B",116493.74,7071.2,5.24
"434","09/07/2017","SKU_K",77272.53,11404.79,2.16
"435","09/07/2017","SKU_C",57333.17,7522.39,2.43
"436","09/07/2017","SKU_D",59961.8,4701.88,4.06
"437","09/07/2017","SKU_F",188326.08,11327.99,5.29
"438","09/07/2017","SKU_G",354498.97,29335.15,3.85
"439","09/07/2017","SKU_H",166063.88,7816.44,6.76
"440","09/07/2017","SKU_I",99730.31,5582.17,5.69
"441","09/09/2018","SKU_J",105511.25,7886.71,4.26
"442","09/09/2018","SKU_A",59963.68,8567.95,2.23
"443","09/09/2018","SKU_B",143606.05,7936.94,5.76
"444","09/09/2018","SKU_K",128339.46,17154.05,2.38
"445","09/09/2018","SKU_C",71212.62,9024.72,2.51
"446","09/09/2018","SKU_D",76825.27,5891.83,4.15
"447","09/09/2018","SKU_F",227883.66,14874.49,4.88
"448","09/09/2018","SKU_G",128732.08,6168.5,6.64
"449","09/09/2018","SKU_H",165669.79,7276.32,7.25
"450","09/09/2018","SKU_I",89386.43,4812.97,5.91
"451","09/10/2016","SKU_J",87324.94,7448.76,3.73
"452","09/10/2016","SKU_A",55305.68,8113.71,2.17
"453","09/10/2016","SKU_B",110915.38,6554.08,5.39
"454","09/10/2016","SKU_K",86835.06,14182.61,1.95
"455","09/10/2016","SKU_C",53227.84,6967.51,2.43
"456","09/10/2016","SKU_D",55843.55,4434.44,4.01
"457","09/10/2016","SKU_F",191225.98,10535.43,5.78
"458","09/10/2016","SKU_G",355576.81,30377.8,3.73
"459","09/10/2016","SKU_H",123538.45,5644.85,6.97
"460","09/10/2016","SKU_I",73683.11,4178.05,5.61
"461","09/12/2018","SKU_J",42187.55,3114.52,4.31
"462","09/12/2018","SKU_A",49244.39,6788.23,2.31
"463","09/12/2018","SKU_B",147817.56,8206.87,5.73
"464","09/12/2018","SKU_K",114623.9,16267.07,2.24
"465","09/12/2018","SKU_C",104011.69,13819.28,2.4
"466","09/12/2018","SKU_D",114225.76,8946.67,4.06
"467","09/12/2018","SKU_F",231225.3,13529.14,5.44
"468","09/12/2018","SKU_G",139822.03,6638.73,6.7
"469","09/12/2018","SKU_H",119830.42,5036.24,7.57
"470","09/12/2018","SKU_I",70545.04,3759.57,5.97
"471","10/02/2019","SKU_J",14289.94,1065.89,4.27
"472","10/02/2019","SKU_A",51365.91,7200.15,2.27
"473","10/02/2019","SKU_B",93097.08,5229.68,5.67
"474","10/02/2019","SKU_K",106246.3,15205.11,2.22
"475","10/02/2019","SKU_C",103551.11,14924.82,2.21
"476","10/02/2019","SKU_D",122008.24,10297.68,3.77
"477","10/02/2019","SKU_F",222462.8,12494.23,5.67
"478","10/02/2019","SKU_G",116447,5481.07,6.76
"479","10/02/2019","SKU_H",107928.33,4628.91,7.42
"480","10/02/2019","SKU_I",59542.93,3156.33,6
"481","10/03/2019","SKU_J",14349.02,1084.02,4.21
"482","10/03/2019","SKU_A",56536.93,8152.9,2.21
"483","10/03/2019","SKU_B",38416.52,1990.06,6.14
"484","10/03/2019","SKU_K",113821.35,16063.3,2.26
"485","10/03/2019","SKU_C",117990.13,15790.51,2.38
"486","10/03/2019","SKU_D",136826.86,10594.71,4.11
"487","10/03/2019","SKU_F",260024.72,14801.21,5.59
"488","10/03/2019","SKU_G",111758.9,5293.01,6.72
"489","10/03/2019","SKU_H",124340.99,5389.91,7.34
"490","10/03/2019","SKU_I",66591.41,3539.65,5.99
"491","10/06/2018","SKU_J",92574.89,7094.36,4.15
"492","10/06/2018","SKU_A",67133.41,9454.26,2.26
"493","10/06/2018","SKU_B",118703.24,6530.76,5.79
"494","10/06/2018","SKU_K",134607.76,17799.27,2.41
"495","10/06/2018","SKU_C",57605.23,7302.93,2.51
"496","10/06/2018","SKU_D",63762.6,4852.62,4.18
"497","10/06/2018","SKU_F",188166.3,10202.1,5.87
"498","10/06/2018","SKU_G",107230.21,5004.59,6.82
"499","10/06/2018","SKU_H",136603.17,5877.14,7.4
"500","10/06/2018","SKU_I",77380.36,4203.2,5.86
"501","10/09/2017","SKU_J",81945.36,6590.9,3.96
"502","10/09/2017","SKU_A",67312.51,10656.46,2.01
"503","10/09/2017","SKU_B",139433,8457.45,5.25
"504","10/09/2017","SKU_K",93015.98,13677.18,2.16
"505","10/09/2017","SKU_C",60315.92,8012.11,2.4
"506","10/09/2017","SKU_D",71797.41,5581.85,4.09
"507","10/09/2017","SKU_F",206553.15,11586.9,5.67
"508","10/09/2017","SKU_G",383062.82,31444.68,3.88
"509","10/09/2017","SKU_H",222964.46,10189.24,6.97
"510","10/09/2017","SKU_I",115559.89,6396.89,5.75
"511","10/12/2017","SKU_J",77556.84,5901.61,4.18
"512","10/12/2017","SKU_A",63979.21,9260.45,2.2
"513","10/12/2017","SKU_B",145765.5,8613.87,5.39
"514","10/12/2017","SKU_K",99954.3,14324.77,2.22
"515","10/12/2017","SKU_C",50717.57,6611.85,2.44
"516","10/12/2017","SKU_D",63754.89,5008.86,4.05
"517","10/12/2017","SKU_F",196181.67,10991.63,5.68
"518","10/12/2017","SKU_G",436865.04,35535.14,3.91
"519","10/12/2017","SKU_H",115957.07,5139.14,7.18
"520","10/12/2017","SKU_I",68030.18,3736.99,5.79
"521","11/02/2018","SKU_J",80313.01,6559.82,3.9
"522","11/02/2018","SKU_A",56270.86,8506.41,2.11
"523","11/02/2018","SKU_B",140485.65,8358.82,5.35
"524","11/02/2018","SKU_K",150747.67,24013.57,2
"525","11/02/2018","SKU_C",48830.22,6225.87,2.5
"526","11/02/2018","SKU_D",60634.42,4816.95,4.01
"527","11/02/2018","SKU_F",190815.22,10645.72,5.71
"528","11/02/2018","SKU_G",93251.68,4732.22,6.27
"529","11/02/2018","SKU_H",99390.51,4382.09,7.22
"530","11/02/2018","SKU_I",56951.73,3078.13,5.89
"531","11/03/2018","SKU_J",84973.69,6516.13,4.15
"532","11/03/2018","SKU_A",67742.34,10814.52,1.99
"533","11/03/2018","SKU_B",137884.72,8390.88,5.23
"534","11/03/2018","SKU_K",140787.67,21020.46,2.13
"535","11/03/2018","SKU_C",51166.66,6597.18,2.47
"536","11/03/2018","SKU_D",60785.42,4727.67,4.09
"537","11/03/2018","SKU_F",191559.18,10520.41,5.8
"538","11/03/2018","SKU_G",110575.36,5245.71,6.71
"539","11/03/2018","SKU_H",117868.01,5063.09,7.41
"540","11/03/2018","SKU_I",61715.69,3374.58,5.82
"541","11/06/2017","SKU_J",74655.87,5818.66,4.08
"542","11/06/2017","SKU_A",64921.49,10497.47,1.97
"543","11/06/2017","SKU_B",121388.54,7375.14,5.24
"544","11/06/2017","SKU_K",75780.81,11234.66,2.15
"545","11/06/2017","SKU_C",50824.8,6670.95,2.43
"546","11/06/2017","SKU_D",54520.43,4268.07,4.07
"547","11/06/2017","SKU_F",176244.94,9947.14,5.64
"548","11/06/2017","SKU_G",359156.56,29662.71,3.85
"549","11/06/2017","SKU_H",137383.33,6193.34,7.06
"550","11/06/2017","SKU_I",75505.78,4295.02,5.6
"551","11/08/2019","SKU_J",13474.88,1001,4.28
"552","11/08/2019","SKU_A",30913.37,4492.93,2.19
"553","11/08/2019","SKU_B",15402.11,708.23,6.92
"554","11/08/2019","SKU_K",117930.35,14865.98,2.53
"555","11/08/2019","SKU_C",150015.59,19629.11,2.43
"556","11/08/2019","SKU_D",156683.44,11894.51,4.19
"557","11/08/2019","SKU_F",272844.84,14723.31,5.9
"558","11/08/2019","SKU_G",109956.58,5158.88,6.78
"559","11/08/2019","SKU_H",232548.98,9750.46,7.59
"560","11/08/2019","SKU_I",109883.21,5767.81,6.06
"561","11/11/2018","SKU_J",91686.46,6891.98,4.23
"562","11/11/2018","SKU_A",56046.9,7865.78,2.27
"563","11/11/2018","SKU_B",147308.08,8139.57,5.76
"564","11/11/2018","SKU_K",123231.43,16790.52,2.34
"565","11/11/2018","SKU_C",90161.51,11859.33,2.42
"566","11/11/2018","SKU_D",93899.69,7279.51,4.11
"567","11/11/2018","SKU_F",208114.03,11901.06,5.57
"568","11/11/2018","SKU_G",135448.52,6431.06,6.7
"569","11/11/2018","SKU_H",126509.66,5437.01,7.41
"570","11/11/2018","SKU_I",74884.77,3982.52,5.99
"571","11/12/2016","SKU_J",73551.77,5652.95,4.14
"572","11/12/2016","SKU_A",56820.85,8332.63,2.17
"573","11/12/2016","SKU_B",127066.49,7634.54,5.3
"574","11/12/2016","SKU_K",101581.91,16505.82,1.96
"575","11/12/2016","SKU_C",51946.44,6803.58,2.43
"576","11/12/2016","SKU_D",56471.61,4469.84,4.02
"577","11/12/2016","SKU_F",193418.75,10658.34,5.78
"578","11/12/2016","SKU_G",359259.7,30639.28,3.73
"579","11/12/2016","SKU_H",119677.56,5440.33,7
"580","11/12/2016","SKU_I",68748.04,3928.16,5.57
"581","12/02/2017","SKU_J",73743.37,6112.23,3.84
"582","12/02/2017","SKU_A",51272.48,7881.05,2.07
"583","12/02/2017","SKU_B",139181.5,8452.22,5.24
"584","12/02/2017","SKU_K",78544.38,10585.93,2.36
"585","12/02/2017","SKU_C",44935.2,5879.16,2.43
"586","12/02/2017","SKU_D",51413.48,4056.17,4.03
"587","12/02/2017","SKU_F",185030.37,10422.37,5.65
"588","12/02/2017","SKU_G",339332.17,28538.21,3.78
"589","12/02/2017","SKU_H",102880.73,4810.35,6.81
"590","12/02/2017","SKU_I",57166.54,3272.38,5.56
"591","12/03/2017","SKU_J",83611.26,6889.59,3.86
"592","12/03/2017","SKU_A",59727.62,9198.53,2.07
"593","12/03/2017","SKU_B",128084.16,7959.05,5.12
"594","12/03/2017","SKU_K",96804.68,13152.88,2.34
"595","12/03/2017","SKU_C",50333.58,6514.57,2.46
"596","12/03/2017","SKU_D",60877.2,5080.24,3.81
"597","12/03/2017","SKU_F",194285.94,11172.5,5.54
"598","12/03/2017","SKU_G",358105.9,30140.01,3.78
"599","12/03/2017","SKU_H",111779.79,5105.48,6.97
"600","12/03/2017","SKU_I",64996.98,3717.19,5.57
"601","12/05/2019","SKU_J",5557.67,394.97,4.48
"602","12/05/2019","SKU_A",29515.22,4325.12,2.17
"603","12/05/2019","SKU_B",8318.71,383.67,6.9
"604","12/05/2019","SKU_K",115426.55,16574.55,2.22
"605","12/05/2019","SKU_C",138023.66,18194.3,2.41
"606","12/05/2019","SKU_D",137929.58,10475.41,4.19
"607","12/05/2019","SKU_F",255952.79,13940.28,5.84
"608","12/05/2019","SKU_G",105367.72,4999.44,6.71
"609","12/05/2019","SKU_H",140679.41,6116.53,7.32
"610","12/05/2019","SKU_I",70773.42,3778.58,5.96
"611","12/08/2018","SKU_J",99896.7,7587.08,4.19
"612","12/08/2018","SKU_A",67082.9,9610.36,2.22
"613","12/08/2018","SKU_B",160850.24,9185.32,5.57
"614","12/08/2018","SKU_K",143395.74,20059.6,2.28
"615","12/08/2018","SKU_C",59900.53,7671.08,2.49
"616","12/08/2018","SKU_D",70412.4,5375.97,4.17
"617","12/08/2018","SKU_F",212659.63,11532.52,5.87
"618","12/08/2018","SKU_G",112936.88,5394.16,6.66
"619","12/08/2018","SKU_H",157978.65,6875.2,7.31
"620","12/08/2018","SKU_I",85271.7,4530.51,5.99
"621","12/11/2017","SKU_J",91370.3,7623.88,3.81
"622","12/11/2017","SKU_A",58112.36,8330.65,2.22
"623","12/11/2017","SKU_B",136542.07,8071.33,5.38
"624","12/11/2017","SKU_K",106966.96,16284.09,2.09
"625","12/11/2017","SKU_C",52267,6812.69,2.44
"626","12/11/2017","SKU_D",67488.8,5317.76,4.04
"627","12/11/2017","SKU_F",200202.59,11830.16,5.39
"628","12/11/2017","SKU_G",390461.41,31706.07,3.92
"629","12/11/2017","SKU_H",125298.1,5751.76,6.93
"630","12/11/2017","SKU_I",63656.02,3494.63,5.8
"631","13/01/2019","SKU_J",22249.67,1640.77,4.32
"632","13/01/2019","SKU_A",54847.01,7583.55,2.3
"633","13/01/2019","SKU_B",127528.12,7089.01,5.73
"634","13/01/2019","SKU_K",108487.51,17023.94,2.03
"635","13/01/2019","SKU_C",92354.14,12194.78,2.41
"636","13/01/2019","SKU_D",110391.2,8658.18,4.06
"637","13/01/2019","SKU_F",239679.44,14043.16,5.43
"638","13/01/2019","SKU_G",113988.17,5382.75,6.74
"639","13/01/2019","SKU_H",100430.82,4391.49,7.28
"640","13/01/2019","SKU_I",66798.43,3521.19,6.04
"641","13/05/2018","SKU_J",108868.95,9541.91,3.63
"642","13/05/2018","SKU_A",64447.55,9213.21,2.23
"643","13/05/2018","SKU_B",125586.38,6988.21,5.72
"644","13/05/2018","SKU_K",131998.82,16957.96,2.48
"645","13/05/2018","SKU_C",55083.92,7022.47,2.5
"646","13/05/2018","SKU_D",62147.5,5095.29,3.88
"647","13/05/2018","SKU_F",193906.19,10681.76,5.78
"648","13/05/2018","SKU_G",110374.29,5178.81,6.78
"649","13/05/2018","SKU_H",125453.44,5337.39,7.48
"650","13/05/2018","SKU_I",64119.21,3497.5,5.84
"651","13/08/2017","SKU_J",103852.84,7948.04,4.16
"652","13/08/2017","SKU_A",75595.87,10947.26,2.2
"653","13/08/2017","SKU_B",144530.15,8121.32,5.66
"654","13/08/2017","SKU_K",82502.89,10805.46,2.43
"655","13/08/2017","SKU_C",63282.51,8259.82,2.44
"656","13/08/2017","SKU_D",71774.85,5592.73,4.09
"657","13/08/2017","SKU_F",215468.22,11948.89,5.74
"658","13/08/2017","SKU_G",377864.49,31152.26,3.86
"659","13/08/2017","SKU_H",270635.38,12329.13,6.99
"660","13/08/2017","SKU_I",135598.01,7570.74,5.7
"661","13/11/2016","SKU_J",72822.74,5624.44,4.12
"662","13/11/2016","SKU_A",60997.15,9240.54,2.1
"663","13/11/2016","SKU_B",124276.35,7160.74,5.52
"664","13/11/2016","SKU_K",84337.38,11370.57,2.36
"665","13/11/2016","SKU_C",53779.47,7098.25,2.41
"666","13/11/2016","SKU_D",56361.46,4465.96,4.02
"667","13/11/2016","SKU_F",197671.86,10892.7,5.78
"668","13/11/2016","SKU_G",362769.22,30760.77,3.75
"669","13/11/2016","SKU_H",133025.83,5981.05,7.08
"670","13/11/2016","SKU_I",72008.43,4168.29,5.5
"671","14/01/2018","SKU_J",88227.11,6915.45,4.06
"672","14/01/2018","SKU_A",59432.42,8601.54,2.2
"673","14/01/2018","SKU_B",155011.82,8781.32,5.62
"674","14/01/2018","SKU_K",92155.87,15095.58,1.94
"675","14/01/2018","SKU_C",53344.05,7015.36,2.42
"676","14/01/2018","SKU_D",64968.98,5129.72,4.03
"677","14/01/2018","SKU_F",239263.67,14509.77,5.25
"678","14/01/2018","SKU_G",651612.4,52877.24,3.92
"679","14/01/2018","SKU_H",93645.65,3993.86,7.46
"680","14/01/2018","SKU_I",59899.05,3257.43,5.85
"681","14/04/2019","SKU_J",8805.87,632.11,4.43
"682","14/04/2019","SKU_A",38433.9,5500.6,2.22
"683","14/04/2019","SKU_B",15213.95,703.44,6.88
"684","14/04/2019","SKU_K",132657.14,19489.79,2.17
"685","14/04/2019","SKU_C",143941.52,18944.5,2.42
"686","14/04/2019","SKU_D",152022.78,11640.53,4.16
"687","14/04/2019","SKU_F",262434.33,15188.33,5.5
"688","14/04/2019","SKU_G",111056.08,5240.55,6.75
"689","14/04/2019","SKU_H",156522.54,6668.74,7.47
"690","14/04/2019","SKU_I",86976.26,4633.1,5.98
"691","14/05/2017","SKU_J",86085.75,7429.22,3.69
"692","14/05/2017","SKU_A",56152.49,8689.84,2.06
"693","14/05/2017","SKU_B",106715.49,6034.83,5.63
"694","14/05/2017","SKU_K",79841.84,12438.39,2.04
"695","14/05/2017","SKU_C",50013.23,6462.61,2.46
"696","14/05/2017","SKU_D",53671.78,4167.2,4.1
"697","14/05/2017","SKU_F",184819.9,10256.62,5.74
"698","14/05/2017","SKU_G",348323.7,29077.44,3.81
"699","14/05/2017","SKU_H",123874.83,5611.26,7.03
"700","14/05/2017","SKU_I",69867.39,3944.87,5.64
"701","14/07/2019","SKU_J",2493.34,174.99,4.54
"702","14/07/2019","SKU_A",26304.62,3921.3,2.14
"703","14/07/2019","SKU_B",3468.91,158.38,6.97
"704","14/07/2019","SKU_K",112960.62,14053.51,2.56
"705","14/07/2019","SKU_C",160095.26,21088.67,2.42
"706","14/07/2019","SKU_D",168473.87,13076.12,4.1
"707","14/07/2019","SKU_F",266414.69,14470.51,5.86
"708","14/07/2019","SKU_G",103088.03,4879.84,6.72
"709","14/07/2019","SKU_H",195312.69,8166.66,7.61
"710","14/07/2019","SKU_I",112905.31,5917.28,6.07
"711","14/10/2018","SKU_J",98909,7374.27,4.27
"712","14/10/2018","SKU_A",53484.45,7478.74,2.28
"713","14/10/2018","SKU_B",130138.06,7055.34,5.87
"714","14/10/2018","SKU_K",139092.68,20037.94,2.21
"715","14/10/2018","SKU_C",71058.57,9562.84,2.37
"716","14/10/2018","SKU_D",79251.39,6462.31,3.9
"717","14/10/2018","SKU_F",204918.14,12110.8,5.39
"718","14/10/2018","SKU_G",124092.07,5860.05,6.74
"719","14/10/2018","SKU_H",98922.48,4267.99,7.38
"720","14/10/2018","SKU_I",64039.85,3418.13,5.96
"721","15/01/2017","SKU_J",70381.43,5443.27,4.12
"722","15/01/2017","SKU_A",56856.99,8687.1,2.08
"723","15/01/2017","SKU_B",111833.9,6540.92,5.44
"724","15/01/2017","SKU_K",85312.43,13797.4,1.97
"725","15/01/2017","SKU_C",49374.66,6444.45,2.44
"726","15/01/2017","SKU_D",57570.05,4730.69,3.87
"727","15/01/2017","SKU_F",206729.43,12138.03,5.42
"728","15/01/2017","SKU_G",352700.62,29735.34,3.78
"729","15/01/2017","SKU_H",98771.25,4604.53,6.83
"730","15/01/2017","SKU_I",61426.89,3480.53,5.62
"731","15/04/2018","SKU_J",94931.47,7965.64,3.79
"732","15/04/2018","SKU_A",69848.76,10980.47,2.02
"733","15/04/2018","SKU_B",148421.63,9366.19,5.04
"734","15/04/2018","SKU_K",166082.97,26001.59,2.03
"735","15/04/2018","SKU_C",59063.72,7476.65,2.51
"736","15/04/2018","SKU_D",61742.65,4729.88,4.16
"737","15/04/2018","SKU_F",199572.42,10892.27,5.83
"738","15/04/2018","SKU_G",114777.31,5314.77,6.87
"739","15/04/2018","SKU_H",109049.67,4649.14,7.47
"740","15/04/2018","SKU_I",67608.1,3672.31,5.86
"741","15/07/2018","SKU_J",94070.36,7902.32,3.79
"742","15/07/2018","SKU_A",69925.35,10549.03,2.11
"743","15/07/2018","SKU_B",152134.31,9401.67,5.15
"744","15/07/2018","SKU_K",137996.59,18743.83,2.34
"745","15/07/2018","SKU_C",60960.74,7691.41,2.52
"746","15/07/2018","SKU_D",66304.12,5040.96,4.19
"747","15/07/2018","SKU_F",197262.07,10784.39,5.82
"748","15/07/2018","SKU_G",104373.65,4895.64,6.79
"749","15/07/2018","SKU_H",135667.49,5773.52,7.48
"750","15/07/2018","SKU_I",81951.95,4433.65,5.88
"751","15/09/2019","SKU_J",36266.64,2713.14,4.25
"752","15/09/2019","SKU_A",28929.78,4116.9,2.24
"753","15/09/2019","SKU_B",55029.36,3033.51,5.77
"754","15/09/2019","SKU_K",102533.65,12375.94,2.64
"755","15/09/2019","SKU_C",139589.6,18865.89,2.36
"756","15/09/2019","SKU_D",124538.99,9485.78,4.18
"757","15/09/2019","SKU_F",279801.11,16953.96,5.25
"758","15/09/2019","SKU_G",95317.14,4490.71,6.76
"759","15/09/2019","SKU_H",183895.7,7812.97,7.49
"760","15/09/2019","SKU_I",94920.29,4950.66,6.1
"761","15/10/2017","SKU_J",80889.93,7251.71,3.55
"762","15/10/2017","SKU_A",50736.74,7760.09,2.08
"763","15/10/2017","SKU_B",142516.79,8828.74,5.14
"764","15/10/2017","SKU_K",117250.44,18951.58,1.97
"765","15/10/2017","SKU_C",51867.58,6897.21,2.39
"766","15/10/2017","SKU_D",60979.17,4782.85,4.06
"767","15/10/2017","SKU_F",192373.93,11416.86,5.36
"768","15/10/2017","SKU_G",376902.41,30806.24,3.89
"769","15/10/2017","SKU_H",108327.51,4923.12,7
"770","15/10/2017","SKU_I",57422.8,3153.86,5.8
"771","16/04/2017","SKU_J",73562.71,5731.16,4.09
"772","16/04/2017","SKU_A",65409.43,10383.17,2.01
"773","16/04/2017","SKU_B",141186.45,8683.13,5.18
"774","16/04/2017","SKU_K",82911.49,12819.88,2.06
"775","16/04/2017","SKU_C",49312.39,6427.88,2.44
"776","16/04/2017","SKU_D",55267.61,4335.89,4.06
"777","16/04/2017","SKU_F",182144.54,10717.74,5.41
"778","16/04/2017","SKU_G",357926.51,29993.05,3.8
"779","16/04/2017","SKU_H",121356.39,5742.66,6.73
"780","16/04/2017","SKU_I",69176.16,3915.6,5.62
"781","16/06/2019","SKU_J",3046.46,210.63,4.6
"782","16/06/2019","SKU_A",26708.21,3901.46,2.18
"783","16/06/2019","SKU_B",4186.84,185.78,7.17
"784","16/06/2019","SKU_K",117966.72,15553.52,2.41
"785","16/06/2019","SKU_C",146598.63,19337.65,2.41
"786","16/06/2019","SKU_D",153170.6,11659.39,4.18
"787","16/06/2019","SKU_F",261451.59,14386.79,5.78
"788","16/06/2019","SKU_G",100995.99,4830.22,6.66
"789","16/06/2019","SKU_H",209363.16,8903.7,7.48
"790","16/06/2019","SKU_I",98062.9,5233.22,5.96
"791","16/07/2017","SKU_J",86449.57,6774.62,4.06
"792","16/07/2017","SKU_A",64241.81,9479.64,2.16
"793","16/07/2017","SKU_B",132319.39,7572.54,5.56
"794","16/07/2017","SKU_K",75833.51,10519.02,2.29
"795","16/07/2017","SKU_C",58850.9,7614.91,2.46
"796","16/07/2017","SKU_D",61380.01,4770.56,4.1
"797","16/07/2017","SKU_F",193075.39,10758.48,5.71
"798","16/07/2017","SKU_G",365847.31,30352.22,3.84
"799","16/07/2017","SKU_H",146686.29,6685.9,6.98
"800","16/07/2017","SKU_I",89924.15,5024.1,5.7
"801","16/09/2018","SKU_J",109079.07,8143.34,4.26
"802","16/09/2018","SKU_A",55722.34,7886.48,2.25
"803","16/09/2018","SKU_B",144960.57,7991.18,5.77
"804","16/09/2018","SKU_K",129929.47,18674.4,2.21
"805","16/09/2018","SKU_C",75106.98,9681.54,2.47
"806","16/09/2018","SKU_D",79652.84,6126.34,4.14
"807","16/09/2018","SKU_F",244037.17,16628.22,4.67
"808","16/09/2018","SKU_G",133287.91,6358.72,6.67
"809","16/09/2018","SKU_H",160217.72,7004.85,7.28
"810","16/09/2018","SKU_I",86886.49,4665.29,5.93
"811","16/10/2016","SKU_J",87879.86,7643.16,3.66
"812","16/10/2016","SKU_A",57451.27,8545.75,2.14
"813","16/10/2016","SKU_B",115343.93,6901.22,5.32
"814","16/10/2016","SKU_K",94886.51,14924.92,2.02
"815","16/10/2016","SKU_C",53123.65,6927.91,2.44
"816","16/10/2016","SKU_D",56536.02,4477.84,4.02
"817","16/10/2016","SKU_F",191628.02,10685.84,5.71
"818","16/10/2016","SKU_G",365959.46,31116.45,3.74
"819","16/10/2016","SKU_H",125219.48,5789.97,6.88
"820","16/10/2016","SKU_I",65257.58,3735.19,5.56
"821","16/12/2018","SKU_J",34973.19,2629.31,4.23
"822","16/12/2018","SKU_A",50427.43,7048.97,2.28
"823","16/12/2018","SKU_B",140590.57,7753.01,5.77
"824","16/12/2018","SKU_K",109775.87,13993.3,2.5
"825","16/12/2018","SKU_C",105975.59,14205.39,2.37
"826","16/12/2018","SKU_D",116133.12,9140.12,4.04
"827","16/12/2018","SKU_F",231241.14,12774.19,5.76
"828","16/12/2018","SKU_G",133195.78,6377.27,6.65
"829","16/12/2018","SKU_H",125857.54,5257.85,7.62
"830","16/12/2018","SKU_I",78401.08,4157.11,6
"831","17/02/2019","SKU_J",16309.24,1164.47,4.46
"832","17/02/2019","SKU_A",54968.82,7767.14,2.25
"833","17/02/2019","SKU_B",81008.9,4565.27,5.65
"834","17/02/2019","SKU_K",115658.17,15199.14,2.42
"835","17/02/2019","SKU_C",108205.13,14409.53,2.39
"836","17/02/2019","SKU_D",128927.4,10239.71,4.01
"837","17/02/2019","SKU_F",241298.05,13133.92,5.85
"838","17/02/2019","SKU_G",112134.09,5398.69,6.61
"839","17/02/2019","SKU_H",138885.53,5832.02,7.58
"840","17/02/2019","SKU_I",69848.92,3705.11,6
"841","17/03/2019","SKU_J",13381.79,972.56,4.38
"842","17/03/2019","SKU_A",50816.96,7249.91,2.23
"843","17/03/2019","SKU_B",32384.13,1611.82,6.4
"844","17/03/2019","SKU_K",108972.43,14051.9,2.47
"845","17/03/2019","SKU_C",117477.5,15654.8,2.39
"846","17/03/2019","SKU_D",137408.06,10711.33,4.08
"847","17/03/2019","SKU_F",244867.19,13318.43,5.85
"848","17/03/2019","SKU_G",106835.55,5085.16,6.69
"849","17/03/2019","SKU_H",125160.67,5229.56,7.62
"850","17/03/2019","SKU_I",63880.99,3395.52,5.99
"851","17/06/2018","SKU_J",94206.55,7322.43,4.1
"852","17/06/2018","SKU_A",64927.12,9202.61,2.25
"853","17/06/2018","SKU_B",126089.03,7042.27,5.7
"854","17/06/2018","SKU_K",130813.62,17271.92,2.41
"855","17/06/2018","SKU_C",54705.21,6962.69,2.5
"856","17/06/2018","SKU_D",62547.89,4785.84,4.16
"857","17/06/2018","SKU_F",193345.4,10546.08,5.84
"858","17/06/2018","SKU_G",103409.25,4816.99,6.83
"859","17/06/2018","SKU_H",131210.26,5589.02,7.47
"860","17/06/2018","SKU_I",75295.06,4096.84,5.85
"861","17/09/2017","SKU_J",66070.47,5208.68,4.04
"862","17/09/2017","SKU_A",70560.84,11023.21,2.04
"863","17/09/2017","SKU_B",158264.69,9957.75,5.06
"864","17/09/2017","SKU_K",104163.61,16651.4,1.99
"865","17/09/2017","SKU_C",61221.95,8032.14,2.43
"866","17/09/2017","SKU_D",70854.13,5535.87,4.07
"867","17/09/2017","SKU_F",215640.35,12293.02,5.58
"868","17/09/2017","SKU_G",382453.64,31399.93,3.88
"869","17/09/2017","SKU_H",208504.79,9572.37,6.93
"870","17/09/2017","SKU_I",111766.61,6199.82,5.74
"871","17/12/2017","SKU_J",80500.1,6188.72,4.14
"872","17/12/2017","SKU_A",63024.93,9559.88,2.1
"873","17/12/2017","SKU_B",139082.94,7996.88,5.54
"874","17/12/2017","SKU_K",100188.91,13237.84,2.41
"875","17/12/2017","SKU_C",50763.31,6921.86,2.33
"876","17/12/2017","SKU_D",65131.83,5125.39,4.04
"877","17/12/2017","SKU_F",210048.9,12090.76,5.53
"878","17/12/2017","SKU_G",448544.95,36502.71,3.91
"879","17/12/2017","SKU_H",113611.06,4884.98,7.4
"880","17/12/2017","SKU_I",69785.73,3809.45,5.83
"881","18/02/2018","SKU_J",79060.8,6140.37,4.1
"882","18/02/2018","SKU_A",60159.02,8757.34,2.19
"883","18/02/2018","SKU_B",132532.32,7721.6,5.46
"884","18/02/2018","SKU_K",136409.04,20107.15,2.16
"885","18/02/2018","SKU_C",50986.02,6615.73,2.45
"886","18/02/2018","SKU_D",61534.77,4941.56,3.96
"887","18/02/2018","SKU_F",197460.39,11042.07,5.69
"888","18/02/2018","SKU_G",108661.13,5285.74,6.54
"889","18/02/2018","SKU_H",119385.16,5200.07,7.31
"890","18/02/2018","SKU_I",61923.71,3372.33,5.84
"891","18/03/2018","SKU_J",84848.52,6499.73,4.16
"892","18/03/2018","SKU_A",63975.95,9698.79,2.1
"893","18/03/2018","SKU_B",120388.2,6666.6,5.75
"894","18/03/2018","SKU_K",134314.89,20420.43,2.09
"895","18/03/2018","SKU_C",53157.66,6889.61,2.46
"896","18/03/2018","SKU_D",60387.73,4704.84,4.09
"897","18/03/2018","SKU_F",195934.74,11019.91,5.66
"898","18/03/2018","SKU_G",115596.22,5356.35,6.87
"899","18/03/2018","SKU_H",114033.77,4874.63,7.45
"900","18/03/2018","SKU_I",62433.74,3411.37,5.83
"901","18/06/2017","SKU_J",78217.85,6079.11,4.1
"902","18/06/2017","SKU_A",61363.3,9411.08,2.08
"903","18/06/2017","SKU_B",125835.59,7342.99,5.45
"904","18/06/2017","SKU_K",71495.01,9638.06,2.36
"905","18/06/2017","SKU_C",48932.61,6351.39,2.45
"906","18/06/2017","SKU_D",54047.26,4212.98,4.08
"907","18/06/2017","SKU_F",176274.05,9865.47,5.69
"908","18/06/2017","SKU_G",353209.72,29328.96,3.83
"909","18/06/2017","SKU_H",141418.22,6438.24,6.99
"910","18/06/2017","SKU_I",78994.08,4455.63,5.64
"911","18/08/2019","SKU_J",18841.69,1396.94,4.29
"912","18/08/2019","SKU_A",31282.07,4537.2,2.19
"913","18/08/2019","SKU_B",20250.65,958.5,6.73
"914","18/08/2019","SKU_K",112149.86,14757.72,2.42
"915","18/08/2019","SKU_C",152474.02,20106.24,2.41
"916","18/08/2019","SKU_D",147861.25,11194.89,4.2
"917","18/08/2019","SKU_F",276795.64,14982.45,5.88
"918","18/08/2019","SKU_G",103710.99,4927.63,6.7
"919","18/08/2019","SKU_H",222187.15,9338.58,7.57
"920","18/08/2019","SKU_I",111394.59,5797.9,6.12
"921","18/11/2018","SKU_J",94049.68,7107.67,4.21
"922","18/11/2018","SKU_A",59397.4,8336.11,2.27
"923","18/11/2018","SKU_B",155891.31,8703.1,5.7
"924","18/11/2018","SKU_K",119125.48,15682.82,2.42
"925","18/11/2018","SKU_C",94394.36,12560.18,2.39
"926","18/11/2018","SKU_D",98805.67,7807.14,4.03
"927","18/11/2018","SKU_F",217262.1,11769.05,5.88
"928","18/11/2018","SKU_G",139854.62,6835.99,6.51
"929","18/11/2018","SKU_H",126108.71,5304.9,7.57
"930","18/11/2018","SKU_I",70381.29,3777.06,5.93
"931","18/12/2016","SKU_J",73784.21,5694.06,4.12
"932","18/12/2016","SKU_A",57120.37,8404.72,2.16
"933","18/12/2016","SKU_B",124612.05,7348.96,5.4
"934","18/12/2016","SKU_K",82791.89,11614.32,2.27
"935","18/12/2016","SKU_C",53829.84,7083.52,2.42
"936","18/12/2016","SKU_D",58717.53,4690.94,3.98
"937","18/12/2016","SKU_F",205467.65,11301.96,5.79
"938","18/12/2016","SKU_G",371327.43,31601.09,3.74
"939","18/12/2016","SKU_H",131230.71,6042.4,6.91
"940","18/12/2016","SKU_I",74966.31,4267.46,5.59
"941","19/02/2017","SKU_J",69741.42,5376.96,4.13
"942","19/02/2017","SKU_A",55774.39,8361.38,2.12
"943","19/02/2017","SKU_B",128385.87,7632.98,5.35
"944","19/02/2017","SKU_K",74643.6,11708.91,2.03
"945","19/02/2017","SKU_C",47764.79,6261.12,2.43
"946","19/02/2017","SKU_D",52682.97,4184.75,4.01
"947","19/02/2017","SKU_F",198582.32,11651.15,5.43
"948","19/02/2017","SKU_G",345188.44,29070.88,3.78
"949","19/02/2017","SKU_H",125446.32,5775.81,6.91
"950","19/02/2017","SKU_I",65300.2,3763.24,5.52
"951","19/03/2017","SKU_J",76127.13,5900.85,4.11
"952","19/03/2017","SKU_A",60934.83,9770.58,1.99
"953","19/03/2017","SKU_B",113166.69,6454.07,5.58
"954","19/03/2017","SKU_K",87872.54,12128.16,2.31
"955","19/03/2017","SKU_C",49413.53,6431.14,2.45
"956","19/03/2017","SKU_D",56576.43,4540.62,3.97
"957","19/03/2017","SKU_F",188223.45,11249.63,5.33
"958","19/03/2017","SKU_G",346747.78,29004.91,3.81
"959","19/03/2017","SKU_H",111426.22,5068.23,7
"960","19/03/2017","SKU_I",63936.91,3673.4,5.54
"961","19/05/2019","SKU_J",5237.06,374.28,4.45
"962","19/05/2019","SKU_A",27717.54,3985.57,2.21
"963","19/05/2019","SKU_B",7669.62,354.32,6.89
"964","19/05/2019","SKU_K",123313.85,15892.17,2.47
"965","19/05/2019","SKU_C",139415.58,20011.35,2.22
"966","19/05/2019","SKU_D",156096.98,13165.93,3.77
"967","19/05/2019","SKU_F",258662.51,14134.38,5.83
"968","19/05/2019","SKU_G",101795.49,4843.33,6.69
"969","19/05/2019","SKU_H",182323.56,7606.47,7.63
"970","19/05/2019","SKU_I",88853.93,4730.53,5.98
"971","19/08/2018","SKU_J",101147.61,7638.61,4.21
"972","19/08/2018","SKU_A",65636.29,9390.01,2.22
"973","19/08/2018","SKU_B",157987.12,8918.02,5.64
"974","19/08/2018","SKU_K",144318.45,20761.92,2.21
"975","19/08/2018","SKU_C",62607.49,7973.71,2.5
"976","19/08/2018","SKU_D",69357.32,5306.13,4.16
"977","19/08/2018","SKU_F",219362.95,12122.1,5.76
"978","19/08/2018","SKU_G",108218.07,5070.14,6.79
"979","19/08/2018","SKU_H",159440.79,6948.63,7.3
"980","19/08/2018","SKU_I",89769.25,4788.31,5.97
"981","19/11/2017","SKU_J",83524.37,6477.38,4.1
"982","19/11/2017","SKU_A",61701.86,8964.96,2.19
"983","19/11/2017","SKU_B",144888.1,8356.32,5.52
"984","19/11/2017","SKU_K",114988.17,16694.98,2.19
"985","19/11/2017","SKU_C",53868.91,7102.98,2.41
"986","19/11/2017","SKU_D",66755.73,5347.98,3.97
"987","19/11/2017","SKU_F",207288.46,12137.4,5.44
"988","19/11/2017","SKU_G",404795.15,32973.76,3.91
"989","19/11/2017","SKU_H",119576.92,5382.23,7.07
"990","19/11/2017","SKU_I",60995.42,3356.01,5.79
"991","20/01/2019","SKU_J",17955.7,1347.67,4.24
"992","20/01/2019","SKU_A",55970.87,7928.79,2.25
"993","20/01/2019","SKU_B",118160.6,6616.46,5.68
"994","20/01/2019","SKU_K",102700.98,14363.07,2.28
"995","20/01/2019","SKU_C",91729.74,12325.59,2.37
"996","20/01/2019","SKU_D",107925.54,8550.96,4.02
"997","20/01/2019","SKU_F",232686.22,14021.21,5.28
"998","20/01/2019","SKU_G",109183.53,5196.95,6.69
"999","20/01/2019","SKU_H",95675.34,4162.57,7.32
"1000","20/01/2019","SKU_I",63494.07,3349.76,6.03
"1001","20/05/2018","SKU_J",91215.64,6970.83,4.17
"1002","20/05/2018","SKU_A",68667.95,9813.06,2.23
"1003","20/05/2018","SKU_B",131184.9,7321.44,5.7
"1004","20/05/2018","SKU_K",141453.54,18231.08,2.47
"1005","20/05/2018","SKU_C",58884.13,7495.38,2.5
"1006","20/05/2018","SKU_D",64794.57,4986.06,4.14
"1007","20/05/2018","SKU_F",206008.82,11266.28,5.82
"1008","20/05/2018","SKU_G",114575.07,5356.4,6.81
"1009","20/05/2018","SKU_H",147101.65,6180.91,7.58
"1010","20/05/2018","SKU_I",74950.3,4061.31,5.87
"1011","20/08/2017","SKU_J",102608.88,8058.51,4.05
"1012","20/08/2017","SKU_A",73058.06,11281.89,2.06
"1013","20/08/2017","SKU_B",147028.71,8500.04,5.51
"1014","20/08/2017","SKU_K",82113.29,11440.58,2.28
"1015","20/08/2017","SKU_C",64584.76,8767.41,2.34
"1016","20/08/2017","SKU_D",69367.16,5393.08,4.09
"1017","20/08/2017","SKU_F",217440.57,12193.01,5.68
"1018","20/08/2017","SKU_G",376886.49,31026.98,3.87
"1019","20/08/2017","SKU_H",260856.33,11879.57,6.99
"1020","20/08/2017","SKU_I",136475.97,7689.35,5.65
"1021","20/11/2016","SKU_J",70072.12,5393.4,4.14
"1022","20/11/2016","SKU_A",62033.92,9332.24,2.12
"1023","20/11/2016","SKU_B",134884.14,8001.87,5.37
"1024","20/11/2016","SKU_K",86233.89,11481.03,2.39
"1025","20/11/2016","SKU_C",52025.59,6822.62,2.43
"1026","20/11/2016","SKU_D",55113.65,4348.35,4.03
"1027","20/11/2016","SKU_F",196574.78,10858.46,5.76
"1028","20/11/2016","SKU_G",378167.64,32325.66,3.72
"1029","20/11/2016","SKU_H",128092.76,5728.05,7.12
"1030","20/11/2016","SKU_I",72176.57,4112.72,5.59
"1031","21/01/2018","SKU_J",81714.41,6466.66,4.02
"1032","21/01/2018","SKU_A",58602.54,8850.31,2.11
"1033","21/01/2018","SKU_B",142635.54,8142.71,5.58
"1034","21/01/2018","SKU_K",83289.99,11538.35,2.3
"1035","21/01/2018","SKU_C",51545.09,7105.84,2.31
"1036","21/01/2018","SKU_D",57298.47,4541.06,4.02
"1037","21/01/2018","SKU_F",218192.19,12653.07,5.49
"1038","21/01/2018","SKU_G",642556.8,51559.72,3.97
"1039","21/01/2018","SKU_H",85624.63,3709.15,7.35
"1040","21/01/2018","SKU_I",50551.08,2743.62,5.86
"1041","21/04/2019","SKU_J",9629.71,644.18,4.76
"1042","21/04/2019","SKU_A",34684.67,4959.83,2.23
"1043","21/04/2019","SKU_B",15036.56,679.89,7.04
"1044","21/04/2019","SKU_K",119490.62,17249.58,2.2
"1045","21/04/2019","SKU_C",144530.08,19001.57,2.42
"1046","21/04/2019","SKU_D",151122.74,11522.5,4.17
"1047","21/04/2019","SKU_F",252475.24,14191.94,5.66
"1048","21/04/2019","SKU_G",109977.02,5157.24,6.79
"1049","21/04/2019","SKU_H",148606.96,6489.42,7.29
"1050","21/04/2019","SKU_I",85441.94,4567.52,5.95
"1051","21/05/2017","SKU_J",82989.77,6621.71,3.99
"1052","21/05/2017","SKU_A",59715.46,9031.93,2.1
"1053","21/05/2017","SKU_B",134685.1,7874.28,5.44
"1054","21/05/2017","SKU_K",68796.46,10396.29,2.11
"1055","21/05/2017","SKU_C",51953.24,6748,2.45
"1056","21/05/2017","SKU_D",53876.22,4204.48,4.08
"1057","21/05/2017","SKU_F",186243.85,10743.4,5.52
"1058","21/05/2017","SKU_G",349829.8,29088.9,3.83
"1059","21/05/2017","SKU_H",132051.66,6091.1,6.9
"1060","21/05/2017","SKU_I",72962.73,4168.62,5.57
"1061","21/07/2019","SKU_J",1281.98,104.41,3.91
"1062","21/07/2019","SKU_A",24212.25,3586.42,2.15
"1063","21/07/2019","SKU_B",2853.41,141.37,6.42
"1064","21/07/2019","SKU_K",113205.04,15101.09,2.39
"1065","21/07/2019","SKU_C",155644.57,20367.76,2.43
"1066","21/07/2019","SKU_D",170460.82,13569.35,4
"1067","21/07/2019","SKU_F",264478.38,14367.32,5.86
"1068","21/07/2019","SKU_G",104973.25,4997.43,6.69
"1069","21/07/2019","SKU_H",165719.38,6985.91,7.55
"1070","21/07/2019","SKU_I",91908.28,4798.58,6.1
"1071","21/10/2018","SKU_J",98669.66,7372.55,4.26
"1072","21/10/2018","SKU_A",57008.44,7954.74,2.28
"1073","21/10/2018","SKU_B",139010.58,7602.11,5.82
"1074","21/10/2018","SKU_K",149674.59,20270.53,2.35
"1075","21/10/2018","SKU_C",75597.07,9695.08,2.48
"1076","21/10/2018","SKU_D",92572.41,7630.89,3.86
"1077","21/10/2018","SKU_F",218150.79,12995.36,5.34
"1078","21/10/2018","SKU_G",126508.63,6006.79,6.7
"1079","21/10/2018","SKU_H",113092.38,4952.54,7.27
"1080","21/10/2018","SKU_I",65505.35,3513.44,5.93
"1081","22/01/2017","SKU_J",67353.52,5148.81,4.16
"1082","22/01/2017","SKU_A",57909.07,9192.66,2.01
"1083","22/01/2017","SKU_B",104875.83,5980.82,5.58
"1084","22/01/2017","SKU_K",90306.32,12117.21,2.37
"1085","22/01/2017","SKU_C",45305.66,5910.69,2.44
"1086","22/01/2017","SKU_D",51094.46,4042.29,4.02
"1087","22/01/2017","SKU_F",201820.12,11867.29,5.41
"1088","22/01/2017","SKU_G",345806.68,29182.32,3.77
"1089","22/01/2017","SKU_H",91588.42,4126.67,7.06
"1090","22/01/2017","SKU_I",60657.44,3459.9,5.58
"1091","22/04/2018","SKU_J",94652.33,7947.61,3.79
"1092","22/04/2018","SKU_A",66315.88,10100.88,2.09
"1093","22/04/2018","SKU_B",142686.66,8657.37,5.25
"1094","22/04/2018","SKU_K",162102.07,23833.28,2.16
"1095","22/04/2018","SKU_C",58312.77,7315.93,2.54
"1096","22/04/2018","SKU_D",63393.39,4946.03,4.08
"1097","22/04/2018","SKU_F",199267.36,10904.9,5.82
"1098","22/04/2018","SKU_G",115902.02,5344.5,6.9
"1099","22/04/2018","SKU_H",107158.75,4560.28,7.48
"1100","22/04/2018","SKU_I",62879.9,3409.16,5.87
"1101","22/07/2018","SKU_J",98810.22,8051.11,3.91
"1102","22/07/2018","SKU_A",70619.72,10555.27,2.13
"1103","22/07/2018","SKU_B",150200.02,9153.77,5.22
"1104","22/07/2018","SKU_K",135028.63,17897.95,2.4
"1105","22/07/2018","SKU_C",61848.02,7833.1,2.51
"1106","22/07/2018","SKU_D",69072.93,5260.02,4.18
"1107","22/07/2018","SKU_F",206960.88,11234.53,5.86
"1108","22/07/2018","SKU_G",112002.39,5271.42,6.76
"1109","22/07/2018","SKU_H",122013.09,5218.86,7.44
"1110","22/07/2018","SKU_I",73978.61,3989.02,5.9
"1111","22/10/2017","SKU_J",78368.44,6040.85,4.13
"1112","22/10/2017","SKU_A",54433.13,7856.16,2.21
"1113","22/10/2017","SKU_B",138214.57,8048.77,5.47
"1114","22/10/2017","SKU_K",113114.18,17858.78,2.02
"1115","22/10/2017","SKU_C",54890.05,7348.75,2.38
"1116","22/10/2017","SKU_D",64946.3,5143.29,4.02
"1117","22/10/2017","SKU_F",188806.16,10556.11,5.69
"1118","22/10/2017","SKU_G",343012.59,27808.21,3.93
"1119","22/10/2017","SKU_H",106927.21,4795.15,7.1
"1120","22/10/2017","SKU_I",60613.35,3333.17,5.79
"1121","23/04/2017","SKU_J",76352.81,6133.02,3.96
"1122","23/04/2017","SKU_A",61433,9478.81,2.06
"1123","23/04/2017","SKU_B",130131.02,7701.26,5.38
"1124","23/04/2017","SKU_K",76993.19,11740.49,2.09
"1125","23/04/2017","SKU_C",49647.27,6481.48,2.44
"1126","23/04/2017","SKU_D",57586.99,4539.36,4.04
"1127","23/04/2017","SKU_F",184825.16,10518.82,5.59
"1128","23/04/2017","SKU_G",354014.56,29639.72,3.8
"1129","23/04/2017","SKU_H",100221.86,4704.92,6.78
"1130","23/04/2017","SKU_I",58923.94,3339.48,5.62
"1131","23/06/2019","SKU_J",2516.1,172.86,4.63
"1132","23/06/2019","SKU_A",27995.05,4053.86,2.2
"1133","23/06/2019","SKU_B",4181.88,207.13,6.43
"1134","23/06/2019","SKU_K",120173.97,15962.54,2.4
"1135","23/06/2019","SKU_C",151109.57,20487.08,2.35
"1136","23/06/2019","SKU_D",155645.3,12246.62,4.05
"1137","23/06/2019","SKU_F",272578.36,14887.24,5.83
"1138","23/06/2019","SKU_G",109924.01,5125.95,6.83
"1139","23/06/2019","SKU_H",211141.62,9038.86,7.44
"1140","23/06/2019","SKU_I",106375.04,5641.74,6
"1141","23/07/2017","SKU_J",87700.71,6727.28,4.15
"1142","23/07/2017","SKU_A",65607.99,9581.4,2.18
"1143","23/07/2017","SKU_B",149143.53,9164.51,5.18
"1144","23/07/2017","SKU_K",74814.75,9684.87,2.46
"1145","23/07/2017","SKU_C",59764.2,7783.07,2.44
"1146","23/07/2017","SKU_D",65045.57,5065.95,4.09
"1147","23/07/2017","SKU_F",194966.31,10847.21,5.72
"1148","23/07/2017","SKU_G",361773.32,29905.02,3.85
"1149","23/07/2017","SKU_H",152548.96,7009.13,6.93
"1150","23/07/2017","SKU_I",82845.36,4661.66,5.66
"1151","23/09/2018","SKU_J",106904.74,8007.2,4.25
"1152","23/09/2018","SKU_A",55899.46,7983.97,2.23
"1153","23/09/2018","SKU_B",141467.09,7834.87,5.75
"1154","23/09/2018","SKU_K",140771.32,21730.41,2.06
"1155","23/09/2018","SKU_C",74804.96,10420.91,2.28
"1156","23/09/2018","SKU_D",78526.36,6188.66,4.04
"1157","23/09/2018","SKU_F",258996.81,17957.49,4.59
"1158","23/09/2018","SKU_G",134976.77,6379.85,6.73
"1159","23/09/2018","SKU_H",155769.78,6538.92,7.58
"1160","23/09/2018","SKU_I",90342.81,4806.92,5.98
"1161","23/10/2016","SKU_J",80337.02,6824.46,3.75
"1162","23/10/2016","SKU_A",55538.51,8200.7,2.16
"1163","23/10/2016","SKU_B",111760.43,6624.8,5.37
"1164","23/10/2016","SKU_K",104008.91,14573.77,2.27
"1165","23/10/2016","SKU_C",51972.66,6757.23,2.45
"1166","23/10/2016","SKU_D",54723.4,4371.58,3.98
"1167","23/10/2016","SKU_F",201892.18,11670.29,5.51
"1168","23/10/2016","SKU_G",358251.46,30447.26,3.75
"1169","23/10/2016","SKU_H",134175.3,6276.76,6.8
"1170","23/10/2016","SKU_I",63755.97,3658.94,5.55
"1171","23/12/2018","SKU_J",34174.94,2519.66,4.32
"1172","23/12/2018","SKU_A",57588.3,7969.93,2.3
"1173","23/12/2018","SKU_B",153371.36,8362.92,5.84
"1174","23/12/2018","SKU_K",118596.88,15233.25,2.48
"1175","23/12/2018","SKU_C",111263.89,14911.77,2.38
"1176","23/12/2018","SKU_D",124358,9750.87,4.06
"1177","23/12/2018","SKU_F",262064.24,14556.69,5.73
"1178","23/12/2018","SKU_G",132687.73,6411.49,6.59
"1179","23/12/2018","SKU_H",131354.47,5440.54,7.69
"1180","23/12/2018","SKU_I",88020.81,4648.07,6.03
"1181","24/02/2019","SKU_J",14227.07,1041.05,4.35
"1182","24/02/2019","SKU_A",57368.53,8051.36,2.27
"1183","24/02/2019","SKU_B",63090.18,3461.92,5.8
"1184","24/02/2019","SKU_K",122666.64,16435.78,2.38
"1185","24/02/2019","SKU_C",114860.12,15271.29,2.39
"1186","24/02/2019","SKU_D",132078.26,10305.85,4.08
"1187","24/02/2019","SKU_F",254665.81,14165.25,5.72
"1188","24/02/2019","SKU_G",111467.73,5269.33,6.73
"1189","24/02/2019","SKU_H",147671.55,6351.13,7.4
"1190","24/02/2019","SKU_I",71195.83,3782.33,5.99
"1191","24/03/2019","SKU_J",12346.61,897.23,4.38
"1192","24/03/2019","SKU_A",49830.19,7075,2.24
"1193","24/03/2019","SKU_B",27162.11,1307.12,6.61
"1194","24/03/2019","SKU_K",118648.19,16001.62,2.36
"1195","24/03/2019","SKU_C",126588.48,17200.9,2.34
"1196","24/03/2019","SKU_D",142760.92,11397.24,3.99
"1197","24/03/2019","SKU_F",249718.29,13877.9,5.73
"1198","24/03/2019","SKU_G",111246.6,5279.07,6.71
"1199","24/03/2019","SKU_H",126895.23,5380.57,7.51
"1200","24/03/2019","SKU_I",72832.06,3854.58,6.01
"1201","24/06/2018","SKU_J",97593.01,7756.19,4.01
"1202","24/06/2018","SKU_A",66303.95,9590.09,2.2
"1203","24/06/2018","SKU_B",128937.22,7472.86,5.49
"1204","24/06/2018","SKU_K",129348.26,16914.65,2.43
"1205","24/06/2018","SKU_C",56627.38,7184.6,2.51
"1206","24/06/2018","SKU_D",65754.47,5046.22,4.15
"1207","24/06/2018","SKU_F",198775.2,10831.26,5.84
"1208","24/06/2018","SKU_G",106085.38,4987.54,6.77
"1209","24/06/2018","SKU_H",139194.55,5973.34,7.42
"1210","24/06/2018","SKU_I",83602.81,4536.72,5.87
"1211","24/09/2017","SKU_J",69993.95,5577.81,3.99
"1212","24/09/2017","SKU_A",72614.41,11519.95,2.01
"1213","24/09/2017","SKU_B",161736.56,10217.63,5.04
"1214","24/09/2017","SKU_K",126253.03,21568.44,1.86
"1215","24/09/2017","SKU_C",61715.23,8055.1,2.44
"1216","24/09/2017","SKU_D",70418.34,5474.46,4.09
"1217","24/09/2017","SKU_F",210572.35,12400.85,5.41
"1218","24/09/2017","SKU_G",389553.5,31784.52,3.9
"1219","24/09/2017","SKU_H",191448.9,8968.27,6.8
"1220","24/09/2017","SKU_I",100070.5,5520.33,5.77
"1221","24/12/2017","SKU_J",93324.88,7204.93,4.12
"1222","24/12/2017","SKU_A",70731.26,11232.38,2
"1223","24/12/2017","SKU_B",162456.62,9333.44,5.54
"1224","24/12/2017","SKU_K",105982.75,13932.61,2.42
"1225","24/12/2017","SKU_C",57915.64,8323.63,2.21
"1226","24/12/2017","SKU_D",69663.37,5544.43,4
"1227","24/12/2017","SKU_F",241010.6,14176.65,5.41
"1228","24/12/2017","SKU_G",534020.18,43330.08,3.92
"1229","24/12/2017","SKU_H",132475.48,5659.9,7.45
"1230","24/12/2017","SKU_I",79075.58,4302.86,5.85
"1231","25/02/2018","SKU_J",83611.9,6524.7,4.08
"1232","25/02/2018","SKU_A",62447.42,9023.8,2.2
"1233","25/02/2018","SKU_B",134246.08,7967.39,5.36
"1234","25/02/2018","SKU_K",130253.64,18308.85,2.26
"1235","25/02/2018","SKU_C",51959.33,6768.38,2.44
"1236","25/02/2018","SKU_D",63723.09,5129.97,3.95
"1237","25/02/2018","SKU_F",195334.78,10849.45,5.73
"1238","25/02/2018","SKU_G",117733.31,5642.57,6.64
"1239","25/02/2018","SKU_H",119613.1,5151.18,7.39
"1240","25/02/2018","SKU_I",62735.6,3410.81,5.85
"1241","25/03/2018","SKU_J",87029.79,6800.91,4.07
"1242","25/03/2018","SKU_A",63315.01,9246.59,2.18
"1243","25/03/2018","SKU_B",126346.07,7280.23,5.52
"1244","25/03/2018","SKU_K",131714.92,20677.43,2.03
"1245","25/03/2018","SKU_C",55025.81,6991.61,2.51
"1246","25/03/2018","SKU_D",60919.76,4672.16,4.15
"1247","25/03/2018","SKU_F",203816.23,11815.82,5.49
"1248","25/03/2018","SKU_G",114780.12,5369.04,6.8
"1249","25/03/2018","SKU_H",112589.18,4776.4,7.5
"1250","25/03/2018","SKU_I",67509.33,3675.16,5.85
"1251","25/06/2017","SKU_J",85970,7102.31,3.85
"1252","25/06/2017","SKU_A",61252.26,9303.86,2.1
"1253","25/06/2017","SKU_B",127252.49,7556.63,5.36
"1254","25/06/2017","SKU_K",71834.26,10105.72,2.26
"1255","25/06/2017","SKU_C",56391.01,7255.35,2.47
"1256","25/06/2017","SKU_D",59080.2,4583.61,4.1
"1257","25/06/2017","SKU_F",188098.89,10788.01,5.55
"1258","25/06/2017","SKU_G",364861.36,30196.42,3.85
"1259","25/06/2017","SKU_H",158439.32,7337.25,6.87
"1260","25/06/2017","SKU_I",84276.49,4752.94,5.64
"1261","25/08/2019","SKU_J",31678.59,2367.29,4.26
"1262","25/08/2019","SKU_A",32282.41,4678.89,2.2
"1263","25/08/2019","SKU_B",38319.35,2039.55,5.98
"1264","25/08/2019","SKU_K",111330.59,15713.77,2.26
"1265","25/08/2019","SKU_C",147697.88,19446.23,2.42
"1266","25/08/2019","SKU_D",136979.99,10360.86,4.21
"1267","25/08/2019","SKU_F",263983.05,14249.49,5.9
"1268","25/08/2019","SKU_G",97283.66,4552.42,6.8
"1269","25/08/2019","SKU_H",205971.25,8828.98,7.43
"1270","25/08/2019","SKU_I",103619.47,5393.14,6.12
"1271","25/09/2016","SKU_J",78213.2,6150.97,4.05
"1272","25/09/2016","SKU_A",69208.27,10435.81,2.11
"1273","25/09/2016","SKU_B",133915.8,8240.77,5.17
"1274","25/09/2016","SKU_K",90422.98,13779.88,2.09
"1275","25/09/2016","SKU_C",56189.33,7428.31,2.41
"1276","25/09/2016","SKU_D",59912.5,4736.72,4.03
"1277","25/09/2016","SKU_F",200693.27,10998.13,5.81
"1278","25/09/2016","SKU_G",369095.64,31407.24,3.74
"1279","25/09/2016","SKU_H",175192.4,8073.96,6.91
"1280","25/09/2016","SKU_I",102397.57,5856.5,5.57
"1281","25/11/2018","SKU_J",76459.71,5780.46,4.21
"1282","25/11/2018","SKU_A",55517.1,7794.4,2.27
"1283","25/11/2018","SKU_B",154542.24,8655.94,5.68
"1284","25/11/2018","SKU_K",117097.56,16505.08,2.26
"1285","25/11/2018","SKU_C",95511.23,12737.73,2.39
"1286","25/11/2018","SKU_D",101914.58,8070,4.02
"1287","25/11/2018","SKU_F",219727.12,12192.49,5.74
"1288","25/11/2018","SKU_G",137928.84,6569.46,6.68
"1289","25/11/2018","SKU_H",127254.99,5381.61,7.53
"1290","25/11/2018","SKU_I",68918.24,3692.83,5.94
"1291","25/12/2016","SKU_J",86158.52,6670.55,4.11
"1292","25/12/2016","SKU_A",63357.74,9348.44,2.16
"1293","25/12/2016","SKU_B",157867.13,9342.85,5.38
"1294","25/12/2016","SKU_K",88811.78,12351.17,2.29
"1295","25/12/2016","SKU_C",60595.82,7997.06,2.41
"1296","25/12/2016","SKU_D",68628.11,5497.87,3.97
"1297","25/12/2016","SKU_F",250512.59,13866.93,5.75
"1298","25/12/2016","SKU_G",482651,40931.34,3.75
"1299","25/12/2016","SKU_H",148673.31,6961.58,6.8
"1300","25/12/2016","SKU_I",88048.48,5039.62,5.56
"1301","26/02/2017","SKU_J",74474.36,5930.35,4
"1302","26/02/2017","SKU_A",56472.42,8472.7,2.12
"1303","26/02/2017","SKU_B",129662.38,7842,5.26
"1304","26/02/2017","SKU_K",81766.17,12206.54,2.13
"1305","26/02/2017","SKU_C",48625.86,6336.11,2.44
"1306","26/02/2017","SKU_D",55994.12,4575.39,3.9
"1307","26/02/2017","SKU_F",191722.06,11067.41,5.51
"1308","26/02/2017","SKU_G",347986.04,29389.73,3.77
"1309","26/02/2017","SKU_H",130354.21,6023.87,6.89
"1310","26/02/2017","SKU_I",65214.07,3731.31,5.56
"1311","26/03/2017","SKU_J",73148.53,5636.86,4.13
"1312","26/03/2017","SKU_A",59313.69,8985.82,2.1
"1313","26/03/2017","SKU_B",110772.04,6325.8,5.57
"1314","26/03/2017","SKU_K",78615.61,11457.77,2.18
"1315","26/03/2017","SKU_C",50799.84,6615.02,2.44
"1316","26/03/2017","SKU_D",60151.48,5164.64,3.71
"1317","26/03/2017","SKU_F",188267.21,10975.17,5.46
"1318","26/03/2017","SKU_G",344413.44,28871.39,3.8
"1319","26/03/2017","SKU_H",112713.57,5134.41,6.99
"1320","26/03/2017","SKU_I",66082.3,3782.49,5.56
"1321","26/05/2019","SKU_J",4777.73,335.19,4.54
"1322","26/05/2019","SKU_A",26745.14,3918.22,2.17
"1323","26/05/2019","SKU_B",6616.04,311.78,6.75
"1324","26/05/2019","SKU_K",117320.35,15220.8,2.45
"1325","26/05/2019","SKU_C",147207.73,20794.9,2.25
"1326","26/05/2019","SKU_D",156480.94,12978.74,3.84
"1327","26/05/2019","SKU_F",274137.55,14977.28,5.83
"1328","26/05/2019","SKU_G",108987.65,5182.29,6.69
"1329","26/05/2019","SKU_H",202118.43,8511.53,7.56
"1330","26/05/2019","SKU_I",94199.92,5000.93,6
"1331","26/08/2018","SKU_J",103779.48,7774.58,4.25
"1332","26/08/2018","SKU_A",65517.06,9319.94,2.24
"1333","26/08/2018","SKU_B",147148.53,8169.39,5.73
"1334","26/08/2018","SKU_K",142977.98,21723.59,2.1
"1335","26/08/2018","SKU_C",64796.27,8216.51,2.51
"1336","26/08/2018","SKU_D",74515.84,5691.83,4.17
"1337","26/08/2018","SKU_F",223691.17,12744,5.59
"1338","26/08/2018","SKU_G",114545.25,5436.59,6.71
"1339","26/08/2018","SKU_H",157709.71,6853.34,7.32
"1340","26/08/2018","SKU_I",88108.63,4716.27,5.95
"1341","26/11/2017","SKU_J",78667.72,6066.64,4.13
"1342","26/11/2017","SKU_A",60625.73,8827.75,2.19
"1343","26/11/2017","SKU_B",151791.33,8984.55,5.38
"1344","26/11/2017","SKU_K",104078.32,14907.6,2.22
"1345","26/11/2017","SKU_C",51502.05,6865.05,2.39
"1346","26/11/2017","SKU_D",62750.39,5011.11,3.99
"1347","26/11/2017","SKU_F",201289.82,11526.86,5.56
"1348","26/11/2017","SKU_G",420312.75,34316.35,3.9
"1349","26/11/2017","SKU_H",111158.57,5018.48,7.05
"1350","26/11/2017","SKU_I",60484.08,3293.29,5.85
"1351","27/01/2019","SKU_J",17509.9,1264.55,4.41
"1352","27/01/2019","SKU_A",51836.27,7298.37,2.26
"1353","27/01/2019","SKU_B",108830.7,6093.11,5.69
"1354","27/01/2019","SKU_K",101355.41,13948.56,2.31
"1355","27/01/2019","SKU_C",98608.14,13762.73,2.28
"1356","27/01/2019","SKU_D",109577.35,8993.78,3.88
"1357","27/01/2019","SKU_F",219591.87,13073.2,5.35
"1358","27/01/2019","SKU_G",109975.08,5267.91,6.65
"1359","27/01/2019","SKU_H",93861.73,4079.23,7.32
"1360","27/01/2019","SKU_I",59607.76,3163.84,6
"1361","27/05/2018","SKU_J",87540.31,6565.08,4.24
"1362","27/05/2018","SKU_A",66530.25,9474.66,2.24
"1363","27/05/2018","SKU_B",126714.69,7075.75,5.7
"1364","27/05/2018","SKU_K",143484.72,18726.62,2.44
"1365","27/05/2018","SKU_C",56858.51,7233.68,2.5
"1366","27/05/2018","SKU_D",64585.54,4962.32,4.14
"1367","27/05/2018","SKU_F",194284.35,10647.12,5.81
"1368","27/05/2018","SKU_G",115574.13,5376.83,6.84
"1369","27/05/2018","SKU_H",148395.49,6290.81,7.51
"1370","27/05/2018","SKU_I",78414.21,4242.88,5.88
"1371","27/08/2017","SKU_J",99548.94,8481.35,3.74
"1372","27/08/2017","SKU_A",69143.2,11993.12,1.84
"1373","27/08/2017","SKU_B",152587.68,9306.27,5.22
"1374","27/08/2017","SKU_K",78209.25,10804.19,2.3
"1375","27/08/2017","SKU_C",60279.43,8414.07,2.28
"1376","27/08/2017","SKU_D",68401.58,5373.81,4.05
"1377","27/08/2017","SKU_F",203123.32,12128.92,5.33
"1378","27/08/2017","SKU_G",370936.85,30461.87,3.88
"1379","27/08/2017","SKU_H",229690.51,10635.1,6.87
"1380","27/08/2017","SKU_I",117588.02,6826.75,5.48
"1381","27/11/2016","SKU_J",70629.8,5419.44,4.15
"1382","27/11/2016","SKU_A",60117.72,8965.4,2.13
"1383","27/11/2016","SKU_B",123936.31,7347.32,5.37
"1384","27/11/2016","SKU_K",96358.62,13902.74,2.21
"1385","27/11/2016","SKU_C",51614.5,6730.52,2.44
"1386","27/11/2016","SKU_D",54049.5,4277.81,4.02
"1387","27/11/2016","SKU_F",193462,10673.01,5.77
"1388","27/11/2016","SKU_G",353541.82,30190.45,3.73
"1389","27/11/2016","SKU_H",124478.26,5582.98,7.1
"1390","27/11/2016","SKU_I",68148.05,3887.74,5.58
"1391","28/01/2018","SKU_J",77210.12,6177.87,3.98
"1392","28/01/2018","SKU_A",53835.45,8609.33,1.99
"1393","28/01/2018","SKU_B",144325.7,8408.46,5.46
"1394","28/01/2018","SKU_K",96008.68,13342.15,2.29
"1395","28/01/2018","SKU_C",50163.87,7184.94,2.22
"1396","28/01/2018","SKU_D",54118.21,4221.82,4.08
"1397","28/01/2018","SKU_F",203065,11825.62,5.47
"1398","28/01/2018","SKU_G",598276.31,46895.9,4.06
"1399","28/01/2018","SKU_H",80236.64,3489.93,7.32
"1400","28/01/2018","SKU_I",49719.28,2708.66,5.84
"1401","28/04/2019","SKU_J",6893.45,498.47,4.4
"1402","28/04/2019","SKU_A",31326.48,4531.9,2.2
"1403","28/04/2019","SKU_B",11875.03,545.5,6.93
"1404","28/04/2019","SKU_K",102791.25,14603.07,2.24
"1405","28/04/2019","SKU_C",133524.63,17578.8,2.42
"1406","28/04/2019","SKU_D",136647.79,10418.04,4.18
"1407","28/04/2019","SKU_F",234640.43,12839.68,5.82
"1408","28/04/2019","SKU_G",88452.2,4249.47,6.63
"1409","28/04/2019","SKU_H",116687.91,5199.05,7.14
"1410","28/04/2019","SKU_I",62725.91,3321.2,6.01
"1411","28/05/2017","SKU_J",80102.6,6188.09,4.12
"1412","28/05/2017","SKU_A",59006.99,8845.04,2.12
"1413","28/05/2017","SKU_B",139104.7,8399.05,5.27
"1414","28/05/2017","SKU_K",71407.64,11088.82,2.05
"1415","28/05/2017","SKU_C",51296.08,6622.12,2.47
"1416","28/05/2017","SKU_D",52263.31,4034.34,4.12
"1417","28/05/2017","SKU_F",192153.76,11354.94,5.39
"1418","28/05/2017","SKU_G",351590.54,29508.73,3.79
"1419","28/05/2017","SKU_H",134839.29,6198.75,6.92
"1420","28/05/2017","SKU_I",71937.04,4131.47,5.54
"1421","28/07/2019","SKU_J",1382.76,103.2,4.26
"1422","28/07/2019","SKU_A",23070.55,3450.16,2.13
"1423","28/07/2019","SKU_B",3228.43,157.56,6.52
"1424","28/07/2019","SKU_K",122870.96,18770.48,2.08
"1425","28/07/2019","SKU_C",149072.44,19411.37,2.44
"1426","28/07/2019","SKU_D",168903.96,14390.17,3.74
"1427","28/07/2019","SKU_F",268306.16,14449.05,5.91
"1428","28/07/2019","SKU_G",101481.63,4838.48,6.68
"1429","28/07/2019","SKU_H",181914.23,7913.9,7.32
"1430","28/07/2019","SKU_I",91403.49,4771.84,6.1
"1431","28/10/2018","SKU_J",94771.14,7092.56,4.25
"1432","28/10/2018","SKU_A",52026.16,7248.41,2.28
"1433","28/10/2018","SKU_B",137698.94,7557.83,5.8
"1434","28/10/2018","SKU_K",136362.42,17675.51,2.46
"1435","28/10/2018","SKU_C",84039.78,10930.76,2.45
"1436","28/10/2018","SKU_D",89352.09,7256.72,3.92
"1437","28/10/2018","SKU_F",212428.75,12600.55,5.37
"1438","28/10/2018","SKU_G",131890.6,6314.96,6.65
"1439","28/10/2018","SKU_H",121592.33,5287.64,7.32
"1440","28/10/2018","SKU_I",70688.45,3771.75,5.97
"1441","29/01/2017","SKU_J",70514.55,5570.98,4.03
"1442","29/01/2017","SKU_A",52246.32,7930.27,2.1
"1443","29/01/2017","SKU_B",110433.72,6410.62,5.48
"1444","29/01/2017","SKU_K",87143.86,11661.53,2.38
"1445","29/01/2017","SKU_C",43834.59,5729.67,2.44
"1446","29/01/2017","SKU_D",53666.02,4236.57,4.03
"1447","29/01/2017","SKU_F",177682.4,10009.33,5.65
"1448","29/01/2017","SKU_G",340321.63,28764.56,3.77
"1449","29/01/2017","SKU_H",84340.58,3832.99,7
"1450","29/01/2017","SKU_I",54410.94,3123.77,5.54
"1451","29/04/2018","SKU_J",100836.1,8704.39,3.69
"1452","29/04/2018","SKU_A",58809.83,8325.52,2.25
"1453","29/04/2018","SKU_B",124118.13,6872.95,5.75
"1454","29/04/2018","SKU_K",138144.72,18166.04,2.42
"1455","29/04/2018","SKU_C",53226.08,6705.24,2.53
"1456","29/04/2018","SKU_D",62276.94,5097.38,3.89
"1457","29/04/2018","SKU_F",192787.11,10821.41,5.67
"1458","29/04/2018","SKU_G",109535.46,5096.5,6.84
"1459","29/04/2018","SKU_H",106639.74,4537.13,7.48
"1460","29/04/2018","SKU_I",60307.75,3277.07,5.86
"1461","29/07/2018","SKU_J",94804.7,7216.9,4.18
"1462","29/07/2018","SKU_A",69688.21,9880.28,2.25
"1463","29/07/2018","SKU_B",158897.11,9095.88,5.56
"1464","29/07/2018","SKU_K",134294.01,17465.54,2.45
"1465","29/07/2018","SKU_C",61568.64,7808.4,2.51
"1466","29/07/2018","SKU_D",68736.25,5237.07,4.18
"1467","29/07/2018","SKU_F",200457.37,10902.84,5.85
"1468","29/07/2018","SKU_G",113870.78,5320.27,6.81
"1469","29/07/2018","SKU_H",125141.08,5472.08,7.28
"1470","29/07/2018","SKU_I",70977.94,3794.76,5.95
"1471","29/10/2017","SKU_J",87574.26,7026.35,3.97
"1472","29/10/2017","SKU_A",57953.65,8404.76,2.19
"1473","29/10/2017","SKU_B",135327.49,7868.93,5.47
"1474","29/10/2017","SKU_K",103395.05,15998.71,2.06
"1475","29/10/2017","SKU_C",53965.89,7142.39,2.41
"1476","29/10/2017","SKU_D",68788.4,5485.79,3.99
"1477","29/10/2017","SKU_F",193725.86,11030.78,5.59
"1478","29/10/2017","SKU_G",338470.76,27136.4,3.97
"1479","29/10/2017","SKU_H",127452.73,5729.59,7.08
"1480","29/10/2017","SKU_I",67643.52,3732.55,5.77
"1481","30/04/2017","SKU_J",85784.31,7305.24,3.74
"1482","30/04/2017","SKU_A",57408.83,8725.65,2.09
"1483","30/04/2017","SKU_B",104607.27,5839.46,5.7
"1484","30/04/2017","SKU_K",77945.75,11825.81,2.1
"1485","30/04/2017","SKU_C",49550.72,6439.25,2.45
"1486","30/04/2017","SKU_D",57440.21,4485.78,4.08
"1487","30/04/2017","SKU_F",187136.88,10331.98,5.77
"1488","30/04/2017","SKU_G",351602.79,29471.26,3.8
"1489","30/04/2017","SKU_H",97996.7,4561.91,6.84
"1490","30/04/2017","SKU_I",50481.6,2870.97,5.6
"1491","30/06/2019","SKU_J",2067.28,147.95,4.45
"1492","30/06/2019","SKU_A",23889.9,3451.95,2.2
"1493","30/06/2019","SKU_B",5644.49,272.8,6.59
"1494","30/06/2019","SKU_K",112396.42,15889.44,2.25
"1495","30/06/2019","SKU_C",149242.44,21537.16,2.21
"1496","30/06/2019","SKU_D",157667.16,13290.42,3.78
"1497","30/06/2019","SKU_F",267717.75,14639.83,5.82
"1498","30/06/2019","SKU_G",106310.37,5097.44,6.64
"1499","30/06/2019","SKU_H",225037.9,9946.02,7.2
"1500","30/06/2019","SKU_I",119321.17,6332.03,6
"1501","30/07/2017","SKU_J",92029.86,7088,4.13
"1502","30/07/2017","SKU_A",65861.11,9606.44,2.18
"1503","30/07/2017","SKU_B",167105.32,10768.17,4.94
"1504","30/07/2017","SKU_K",76261.03,10043.48,2.42
"1505","30/07/2017","SKU_C",58445.18,7681.78,2.42
"1506","30/07/2017","SKU_D",65581.57,5152.07,4.05
"1507","30/07/2017","SKU_F",199123.34,11160.51,5.68
"1508","30/07/2017","SKU_G",375412.6,30974.3,3.86
"1509","30/07/2017","SKU_H",187905.55,8710.43,6.87
"1510","30/07/2017","SKU_I",101661.08,5681.5,5.7
"1511","30/09/2018","SKU_J",107751.11,8056.74,4.26
"1512","30/09/2018","SKU_A",57793.31,8185.81,2.25
"1513","30/09/2018","SKU_B",143700.91,8375.32,5.46
"1514","30/09/2018","SKU_K",147007.08,22414.09,2.09
"1515","30/09/2018","SKU_C",73446.89,10287.64,2.27
"1516","30/09/2018","SKU_D",78914.77,6477.26,3.88
"1517","30/09/2018","SKU_F",230057.22,15148.23,4.83
"1518","30/09/2018","SKU_G",124531.95,5928.09,6.69
"1519","30/09/2018","SKU_H",143599.15,6072.12,7.53
"1520","30/09/2018","SKU_I",94067.82,4992.89,6
"1521","30/10/2016","SKU_J",76569.21,6092.98,4
"1522","30/10/2016","SKU_A",59360.02,8956.81,2.11
"1523","30/10/2016","SKU_B",102253.33,5855.77,5.56
"1524","30/10/2016","SKU_K",99917.22,13571.1,2.34
"1525","30/10/2016","SKU_C",54336.47,7163.16,2.41
"1526","30/10/2016","SKU_D",58508.41,4647.6,4.01
"1527","30/10/2016","SKU_F",193130.38,10915.52,5.63
"1528","30/10/2016","SKU_G",356080.27,30125.81,3.76
"1529","30/10/2016","SKU_H",135839.5,6219.31,6.95
"1530","30/10/2016","SKU_I",70205.11,4092.09,5.46
"1531","30/12/2018","SKU_J",30642.44,2278.22,4.28
"1532","30/12/2018","SKU_A",51992.42,7295.65,2.27
"1533","30/12/2018","SKU_B",132250.36,7283.24,5.78
"1534","30/12/2018","SKU_K",115512.37,17246.06,2.13
"1535","30/12/2018","SKU_C",100810.39,13343.94,2.4
"1536","30/12/2018","SKU_D",111186.15,8656.3,4.09
"1537","30/12/2018","SKU_F",232848.37,13666.96,5.42
"1538","30/12/2018","SKU_G",93066.93,4498.62,6.59
"1539","30/12/2018","SKU_H",126819.98,5263.98,7.67
"1540","30/12/2018","SKU_I",92611.59,4898.79,6.02
"1541","31/03/2019","SKU_J",10312.7,738.94,4.44
"1542","31/03/2019","SKU_A",45678.59,6462.08,2.25
"1543","31/03/2019","SKU_B",22350.47,1036.58,6.86
"1544","31/03/2019","SKU_K",121152.95,17735.25,2.17
"1545","31/03/2019","SKU_C",130765.82,18890.01,2.2
"1546","31/03/2019","SKU_D",152889.39,13128.86,3.71
"1547","31/03/2019","SKU_F",252333.55,14449.79,5.56
"1548","31/03/2019","SKU_G",108301.57,5160.85,6.68
"1549","31/03/2019","SKU_H",145533.26,6376.83,7.26
"1550","31/03/2019","SKU_I",77402.17,4094.33,6.02
"1551","31/12/2017","SKU_J",82550.97,6269.65,4.19
"1552","31/12/2017","SKU_A",59488.05,8571.72,2.21
"1553","31/12/2017","SKU_B",145476.78,8647.83,5.35
"1554","31/12/2017","SKU_K",89530.67,13699.63,2.08
"1555","31/12/2017","SKU_C",53549.3,6954.52,2.45
"1556","31/12/2017","SKU_D",61469.08,4790.92,4.08
"1557","31/12/2017","SKU_F",191680.12,10688.41,5.71
"1558","31/12/2017","SKU_G",462885.37,37745.1,3.9
"1559","31/12/2017","SKU_H",108319.06,4894.14,7.04
"1560","31/12/2017","SKU_I",78559.08,4283.05,5.84
